,Type,Year built,Heating,Cooling,Parking,Lot,Price/sqft,Total Price,Address,Square Feet,New construction,Bedrooms,Bathrooms,Full bathrooms,neighborhood_stats,URL,HOA,Half bathrooms
0,Single Family,1923,"Forced air, Gas",None,2 spaces,"4,290 sqft",$151,"$199,999","1329 S 59th Ct, Cicero, IL 60804","1,323", No, 4, 1, 1,"Home values in 60804 have risen 1.2 % (↑) over the past 12 months.Zillow predicts the home values in 60804 will increase 1.2% (↑) in the next year.This home is valued 6.4% higher (↑) than the median home in 60804.The median Zestimate® for this neighborhood is $187,899.",https://www.zillow.com/homedetails/1329-S-59th-Ct-Cicero-IL-60804/3821386_zpid/,,
1,Single Family,2008,Forced air,Central,2 spaces,"3,149 sqft",$152,"$259,000","4815 W 23rd Pl, Cicero, IL 60804","1,707", No, 4, 2, 2,"Home values in 60804 have risen 1.2 % (↑) over the past 12 months.Zillow predicts the home values in 60804 will increase 1.2% (↑) in the next year.This home is valued 37.8% higher (↑) than the median home in 60804.The median Zestimate® for this neighborhood is $187,899.",https://www.zillow.com/homedetails/4815-W-23rd-Pl-Cicero-IL-60804/89934706_zpid/,None,
2,Single Family,1913,Gas,No Data,2 spaces,"3,920 sqft",$83,"$76,000","5518 W 25th Pl, Cicero, IL 60804",913, No, 2, 2, 2,"Home values in 60804 have risen 1.2 % (↑) over the past 12 months.Zillow predicts the home values in 60804 will increase 1.2% (↑) in the next year.This home is valued 59.6% lower (↓) than the median home in 60804.The median Zestimate® for this neighborhood is $187,899.",https://www.zillow.com/homedetails/5518-W-25th-Pl-Cicero-IL-60804/3828354_zpid/,,
3,Single Family,1908,Gas,No Data,2 spaces,"3,781 sqft",$210,"$175,900","1814 S Central Ave, Cicero, IL 60804",836, No, 3, 1, 1,"Home values in 60804 have risen 1.2 % (↑) over the past 12 months.Zillow predicts the home values in 60804 will rise 1.2% (↑) in the next year.This home is valued 6.4% lower (↓) than the median home in 60804.The median Zestimate® for this neighborhood is $187,899.",https://www.zillow.com/homedetails/1814-S-Central-Ave-Cicero-IL-60804/3823055_zpid/,,
4,Condo,No Data,Forced air,Central,1 space,,$138,"$82,500","5127 W 30th St #2E-B, Cicero, IL 60804",600, No, 2, 1, 1,"Home values in 60804 have risen 1.2 % (↑) over the past 12 months.Zillow predicts the home values in 60804 will rise 1.2% (↑) in the next year.This home is valued 56.1% lower (↓) than the median home in 60804.The median Zestimate® for this neighborhood is $187,899.",https://www.zillow.com/homedetails/5127-W-30th-St-2E-B-Cicero-IL-60804/2078338522_zpid/,$150/mo,
5,Condo,1928,Gas,No Data,1 space,,$106,"$84,900","5132 W 21st St UNIT 1S, Cicero, IL 60804",800, No, 2, 1, 1,"Home values in 60804 have risen 1.2 % (↑) over the past 12 months.Zillow predicts the home values in 60804 will rise 1.2% (↑) in the next year.This home is valued 54.8% lower (↓) than the median home in 60804.The median Zestimate® for this neighborhood is $187,899.",https://www.zillow.com/homedetails/5132-W-21st-St-UNIT-1S-Cicero-IL-60804/62011699_zpid/,$246/month,
6,Multi Family,1908,No Data,No Data,2 spaces,,No Data,"$285,000","1314 48th Ct, Cicero, IL 60804",, No, 5, 2, 2,"Home values in 60804 have risen 1.2 % (↑) over the past 12 months.Zillow predicts the home values in 60804 will increase 1.2% (↑) in the next year.This home is valued 51.7% higher (↑) than the median home in 60804.The median Zestimate® for this neighborhood is $187,899.",https://www.zillow.com/homedetails/1314-48th-Ct-Cicero-IL-60804/2078348614_zpid/,,
7,Single Family,1892,Gas,No Data,3 spaces,"6,298 sqft",$123,"$249,000","5211 W 23rd Pl, Cicero, IL 60804","2,022", No, 5, 3, 2,"Home values in 60804 have risen 1.2 % (↑) over the past 12 months.Zillow predicts the home values in 60804 will rise 1.2% (↑) in the next year.This home is valued 32.5% higher (↑) than the median home in 60804.The median Zestimate® for this neighborhood is $187,899.",https://www.zillow.com/homedetails/5211-W-23rd-Pl-Cicero-IL-60804/3828277_zpid/,None, 1
8,Single Family,1951,"Forced air, Gas",Central,3 spaces,"4,268 sqft",$82,"$149,900","3524 S 61st Ave, Cicero, IL 60804","1,839", No, 5, 2, 2,"Home values in 60804 have risen 1.2 % (↑) over the past 12 months.Zillow predicts the home values in 60804 will rise 1.2% (↑) in the next year.This home is valued 20.2% lower (↓) than the median home in 60804.The median Zestimate® for this neighborhood is $187,899.",https://www.zillow.com/homedetails/3524-S-61st-Ave-Cicero-IL-60804/3838169_zpid/,,
9,Single Family,1924,Gas,No Data,2 spaces,"4,199 sqft",$181,"$246,000","1343 S 58th Ct, Cicero, IL 60804","1,356", No, 3, 3, 3,"Home values in 60804 have risen 1.2 % (↑) over the past 12 months.Zillow predicts the home values in 60804 will increase 1.2% (↑) in the next year.This home is valued 30.9% higher (↑) than the median home in 60804.The median Zestimate® for this neighborhood is $187,899.",https://www.zillow.com/homedetails/1343-S-58th-Ct-Cicero-IL-60804/3821418_zpid/,None,
10,Condo,1970,Forced air,Central,1 space,,$138,"$82,500","5127 W 30th St #2E-A, Cicero, IL 60804",600, No, 2, 1, 1,"Home values in 60804 have risen 1.2 % (↑) over the past 12 months.Zillow predicts the home values in 60804 will increase 1.2% (↑) in the next year.This home is valued 56.1% lower (↓) than the median home in 60804.The median Zestimate® for this neighborhood is $187,899.",https://www.zillow.com/homedetails/5127-W-30th-St-2E-A-Cicero-IL-60804/2078507168_zpid/,$150/mo,
11,Single Family,1926,Forced air,Central,2 spaces,"3,811 sqft",$168,"$268,528","3132 S 55th Ct, Cicero, IL 60804","1,600", No, 4, 2, 2,"Home values in 60804 have risen 1.2 % (↑) over the past 12 months.Zillow predicts the home values in 60804 will increase 1.2% (↑) in the next year.This home is valued 42.9% higher (↑) than the median home in 60804.The median Zestimate® for this neighborhood is $187,899.",https://www.zillow.com/homedetails/3132-S-55th-Ct-Cicero-IL-60804/3839978_zpid/,None,
12,Single Family,1898,No Data,No Data,2 spaces,"6,298 sqft",$91,"$199,999","2717 S 59th Ave, Cicero, IL 60804","2,200", No, 3, 2, 2,"Home values in 60804 have risen 1.2 % (↑) over the past 12 months.Zillow predicts the home values in 60804 will rise 1.2% (↑) in the next year.This home is valued 6.4% higher (↑) than the median home in 60804.The median Zestimate® for this neighborhood is $187,899.",https://www.zillow.com/homedetails/2717-S-59th-Ave-Cicero-IL-60804/3831424_zpid/,,
13,Multi Family,1915,Gas,No Data,2 spaces,,No Data,"$149,999","2830 S 51st Ave, Cicero, IL 60804",, No, 4, 2, 2,"Home values in 60804 have risen 1.2 % (↑) over the past 12 months.Zillow predicts the home values in 60804 will increase 1.2% (↑) in the next year.This home is valued 20.2% lower (↓) than the median home in 60804.The median Zestimate® for this neighborhood is $187,899.",https://www.zillow.com/homedetails/2830-S-51st-Ave-Cicero-IL-60804/2078532049_zpid/,,
14,Single Family,1921,Forced air,Central,2 spaces,"3,781 sqft",$111,"$309,900","1622 S 49th Ave, Cicero, IL 60804","2,800", No, 4, 2, 2,"Home values in 60804 have risen 1.2 % (↑) over the past 12 months.Zillow predicts the home values in 60804 will increase 1.2% (↑) in the next year.This home is valued 64.9% higher (↑) than the median home in 60804.The median Zestimate® for this neighborhood is $187,899.",https://www.zillow.com/homedetails/1622-S-49th-Ave-Cicero-IL-60804/3823934_zpid/,None,
15,Single Family,1955,Forced air,Central,1 space,"3,484 sqft",$188,"$189,900","5730 W Pershing Rd, Cicero, IL 60804","1,008", No, 3, 1, 1,"Home values in 60804 have risen 1.2 % (↑) over the past 12 months.Zillow predicts the home values in 60804 will increase 1.2% (↑) in the next year.This home is valued 1.1% higher (↑) than the median home in 60804.The median Zestimate® for this neighborhood is $187,899.",https://www.zillow.com/homedetails/5730-W-Pershing-Rd-Cicero-IL-60804/3839861_zpid/,None,
16,Single Family,1921,Gas,Central,2 spaces,"3,781 sqft",$137,"$274,900","1842 S 57th Ave, Cicero, IL 60804","2,000", No, 3, 2, 1,"Home values in 60804 have risen 1.2 % (↑) over the past 12 months.Zillow predicts the home values in 60804 will increase 1.2% (↑) in the next year.This home is valued 46.3% higher (↑) than the median home in 60804.The median Zestimate® for this neighborhood is $187,899.",https://www.zillow.com/homedetails/1842-S-57th-Ave-Cicero-IL-60804/3823007_zpid/,None, 1
17,Multiple Occupancy,1903,Gas,No Data,2 spaces,,,"$276,500","3208 S 49th Ave, Cicero, IL 60804",, No, 5, 2, 2,"Home values in 60804 have risen 1.2 % (↑) over the past 12 months.Zillow predicts the home values in 60804 will increase 1.2% (↑) in the next year.This home is valued 47.2% higher (↑) than the median home in 60804.The median Zestimate® for this neighborhood is $187,899.",https://www.zillow.com/homedetails/3208-S-49th-Ave-Cicero-IL-60804/2122975488_zpid/,,
18,Single Family,1953,Gas,Central,2 spaces,"4,159 sqft",$181,"$269,900","3420 S 58th Ct, Cicero, IL 60804","1,494", No, 3, 2, 2,"Home values in 60804 have risen 1.2 % (↑) over the past 12 months.Zillow predicts the home values in 60804 will increase 1.2% (↑) in the next year.This home is valued 43.6% higher (↑) than the median home in 60804.The median Zestimate® for this neighborhood is $187,899.",https://www.zillow.com/homedetails/3420-S-58th-Ct-Cicero-IL-60804/3837830_zpid/,None,
19,Single Family,1922,No Data,No Data,1 space,"3,920 sqft",,"$219,079","5224 W 31st St, Cicero, IL 60804","1,767", No, 6, 3,,"Home values in 60804 have risen 1.2 % (↑) over the past 12 months.Zillow predicts the home values in 60804 will rise 1.2% (↑) in the next year.This home is valued 16.6% higher (↑) than the median home in 60804.The median Zestimate® for this neighborhood is $187,899.",https://www.zillow.com/homedetails/5224-W-31st-St-Cicero-IL-60804/3828953_zpid/,,
20,Single Family,1918,Forced air,Central,2 spaces,"3,920 sqft",$252,"$219,000","1502 S Central Ave, Cicero, IL 60804",868, No, 2, 2, 2,"Home values in 60804 have risen 1.2 % (↑) over the past 12 months.Zillow predicts the home values in 60804 will increase 1.2% (↑) in the next year.This home is valued 16.6% higher (↑) than the median home in 60804.The median Zestimate® for this neighborhood is $187,899.",https://www.zillow.com/homedetails/1502-S-Central-Ave-Cicero-IL-60804/3821943_zpid/,None,
21,Multiple Occupancy,1907,"Forced air, Gas",No Data,2 spaces,,,"$289,900","2804 S 48th Ct, Cicero, IL 60804",, No, 4, 2,,"Home values in 60804 have risen 1.2 % (↑) over the past 12 months.Zillow predicts the home values in 60804 will increase 1.2% (↑) in the next year.This home is valued 54.3% higher (↑) than the median home in 60804.The median Zestimate® for this neighborhood is $187,899.",https://www.zillow.com/homedetails/2804-S-48th-Ct-Cicero-IL-60804/2135902780_zpid/,,
22,Multi Family,1916,Gas,No Data,None,,No Data,"$217,901","4724 W 13th St, Cicero, IL 60804",, No, 4, 2, 2,"Home values in 60804 have risen 1.2 % (↑) over the past 12 months.Zillow predicts the home values in 60804 will rise 1.2% (↑) in the next year.This home is valued 16% higher (↑) than the median home in 60804.The median Zestimate® for this neighborhood is $187,899.",https://www.zillow.com/homedetails/4724-W-13th-St-Cicero-IL-60804/2129769570_zpid/,,
23,Multi Family,1897,Forced air,Central,1 space,,$85,"$263,501","3200 S 49th Ave, Cicero, IL 60804","3,100", No, 5, 2, 2,"Home values in 60804 have risen 1.2 % (↑) over the past 12 months.Zillow predicts the home values in 60804 will increase 1.2% (↑) in the next year.This home is valued 40.2% higher (↑) than the median home in 60804.The median Zestimate® for this neighborhood is $187,899.",https://www.zillow.com/homedetails/3200-S-49th-Ave-Cicero-IL-60804/2145847071_zpid/,,
24,Single Family,1948,No Data,Central,1 space,"4,662 sqft",,"$222,432","3547 S 61st Ct, Cicero, IL 60804","1,030", No, 3, 2,,"Home values in 60804 have risen 1.2 % (↑) over the past 12 months.Zillow predicts the home values in 60804 will rise 1.2% (↑) in the next year.This home is valued 18.4% higher (↑) than the median home in 60804.The median Zestimate® for this neighborhood is $187,899.",https://www.zillow.com/homedetails/3547-S-61st-Ct-Cicero-IL-60804/3838157_zpid/,,
25,Single Family,1915,No Data,No Data,2 spaces,"3,920 sqft",,"$184,187","2319 S 59th Ct, Cicero, IL 60804",913, No, 2, 1,,"Home values in 60804 have risen 1.2 % (↑) over the past 12 months.Zillow predicts the home values in 60804 will rise 1.2% (↑) in the next year.This home is valued 2% lower (↓) than the median home in 60804.The median Zestimate® for this neighborhood is $187,899.",https://www.zillow.com/homedetails/2319-S-59th-Ct-Cicero-IL-60804/3830215_zpid/,,
26,Single Family,1949,No Data,Central,2 spaces,"4,356 sqft",,"$229,735","3319 S 58th Ct, Cicero, IL 60804","1,176", No, 3, 2,,"Home values in 60804 have risen 1.2 % (↑) over the past 12 months.Zillow predicts the home values in 60804 will increase 1.2% (↑) in the next year.This home is valued 22.3% higher (↑) than the median home in 60804.The median Zestimate® for this neighborhood is $187,899.",https://www.zillow.com/homedetails/3319-S-58th-Ct-Cicero-IL-60804/3837659_zpid/,,
27,Single Family,1917,Forced air,Central,2 spaces,"4,356 sqft",,"$229,701","1522 S 61st Ave, Cicero, IL 60804","1,059", No, 3, 1,,"Home values in 60804 have risen 1.2 % (↑) over the past 12 months.Zillow predicts the home values in 60804 will rise 1.2% (↑) in the next year.This home is valued 22.2% higher (↑) than the median home in 60804.The median Zestimate® for this neighborhood is $187,899.",https://www.zillow.com/homedetails/1522-S-61st-Ave-Cicero-IL-60804/3821203_zpid/,,
28,Single Family,1927,No Data,No Data,2 spaces,"3,150 sqft",,"$225,155","2121 S Austin Blvd, Cicero, IL 60804","1,180", No, 3, 2,,"Home values in 60804 have risen 1.2 % (↑) over the past 12 months.Zillow predicts the home values in 60804 will increase 1.2% (↑) in the next year.This home is valued 19.8% higher (↑) than the median home in 60804.The median Zestimate® for this neighborhood is $187,899.",https://www.zillow.com/homedetails/2121-S-Austin-Blvd-Cicero-IL-60804/3823261_zpid/,,
29,Single Family,1913,No Data,Central,2 spaces,"3,780 sqft",,"$207,888","1435 S 57th Ave, Cicero, IL 60804","1,058", No, 2, 2,,"Home values in 60804 have risen 1.2 % (↑) over the past 12 months.Zillow predicts the home values in 60804 will increase 1.2% (↑) in the next year.This home is valued 10.6% higher (↑) than the median home in 60804.The median Zestimate® for this neighborhood is $187,899.",https://www.zillow.com/homedetails/1435-S-57th-Ave-Cicero-IL-60804/3821683_zpid/,,
30,Multiple Occupancy,1914,Gas,No Data,No Data,,,"$229,900","4914 W 28th Pl, Cicero, IL 60804",, No, 6, 4, 4,"Home values in 60804 have risen 1.2 % (↑) over the past 12 months.Zillow predicts the home values in 60804 will increase 1.2% (↑) in the next year.This home is valued 22.4% higher (↑) than the median home in 60804.The median Zestimate® for this neighborhood is $187,899.",https://www.zillow.com/homedetails/4914-W-28th-Pl-Cicero-IL-60804/2079149634_zpid/,,
31,Single Family,2004,Forced air,Central,2 spaces,"3,179 sqft",$115,"$235,000","3612 S 52nd Ct, Cicero, IL 60804","2,052", No, 4, 4, 3,"Home values in 60804 have risen 1.2 % (↑) over the past 12 months.Zillow predicts the home values in 60804 will increase 1.2% (↑) in the next year.This home is valued 25.1% higher (↑) than the median home in 60804.The median Zestimate® for this neighborhood is $187,899.",https://www.zillow.com/homedetails/3612-S-52nd-Ct-Cicero-IL-60804/70422920_zpid/,, 1
32,Multi Family,1893,Forced air,No Data,None,,No Data,"$119,900","5137 W 25th Pl, Cicero, IL 60804",, No, 4, 2, 2,"Home values in 60804 have risen 1.2 % (↑) over the past 12 months.Zillow predicts the home values in 60804 will increase 1.2% (↑) in the next year.This home is valued 36.2% lower (↓) than the median home in 60804.The median Zestimate® for this neighborhood is $187,899.",https://www.zillow.com/homedetails/5137-W-25th-Pl-Cicero-IL-60804/2079527451_zpid/,,
33,Single Family,1914,Gas,No Data,2 spaces,"3,001 sqft",$45,"$135,000","(Undisclosed Address), Cicero, IL 60804","3,000", No, 5, 3, 3,"Home values in 60804 have risen 1.2 % (↑) over the past 12 months.Zillow predicts the home values in 60804 will rise 1.2% (↑) in the next year.This home is valued 28.2% lower (↓) than the median home in 60804.The median Zestimate® for this neighborhood is $187,899.",https://www.zillow.com/homedetails/Cicero-IL-60804/2079575834_zpid/,None,
34,Single Family,1919,Gas,Central,2 spaces,"3,746 sqft",$74,"$279,000","1808 S 48th Ct, Cicero, IL 60804","3,780", No, 5, 3, 3,"Home values in 60804 have risen 1.2 % (↑) over the past 12 months.Zillow predicts the home values in 60804 will increase 1.2% (↑) in the next year.This home is valued 48.5% higher (↑) than the median home in 60804.The median Zestimate® for this neighborhood is $187,899.",https://www.zillow.com/homedetails/1808-S-48th-Ct-Cicero-IL-60804/2079674754_zpid/,None,
35,Single Family,1944,Gas,Central,None,"3,920 sqft",,"$144,447","3631 S 55th Ct, Cicero, IL 60804",800, No, 2, 1,,"Home values in 60804 have risen 1.2 % (↑) over the past 12 months.Zillow predicts the home values in 60804 will rise 1.2% (↑) in the next year.This home is valued 23.1% lower (↓) than the median home in 60804.The median Zestimate® for this neighborhood is $187,899.",https://www.zillow.com/homedetails/3631-S-55th-Ct-Cicero-IL-60804/3840925_zpid/,,
36,Single Family,1893,Forced air,None,2 spaces,"4,791 sqft",,"$208,513","1233 S 57th Ave, Cicero, IL 60804","1,422", No, 4, 1,,"Home values in 60804 have risen 1.2 % (↑) over the past 12 months.Zillow predicts the home values in 60804 will rise 1.2% (↑) in the next year.This home is valued 100% lower (↓) than the median home in 60804.The median Zestimate® for this neighborhood is $187,899.",https://www.zillow.com/homedetails/1233-S-57th-Ave-Cicero-IL-60804/3821324_zpid/,,
37,Single Family,2020,"Forced air, Gas",Central,2 spaces,"3,680 sqft",$184,"$389,000","5328 W 30th Pl, Cicero, IL 60804","2,112", Yes, 5, 3, 3,"Home values in 60804 have risen 1.2 % (↑) over the past 12 months.Zillow predicts the home values in 60804 will increase 1.2% (↑) in the next year.This home is valued 107% higher (↑) than the median home in 60804.The median Zestimate® for this neighborhood is $187,899.",https://www.zillow.com/homedetails/5328-W-30th-Pl-Cicero-IL-60804/101459221_zpid/,,
38,Single Family,1913,"Radiant, Gas",None,2 spaces,"3,781 sqft",$136,"$124,999","1943 S 55th Ct, Cicero, IL 60804",919, No, 4, 2, 2,"Home values in 60804 have risen 1.2 % (↑) over the past 12 months.Zillow predicts the home values in 60804 will increase 1.2% (↑) in the next year.This home is valued 33.5% lower (↓) than the median home in 60804.The median Zestimate® for this neighborhood is $187,899.",https://www.zillow.com/homedetails/1943-S-55th-Ct-Cicero-IL-60804/3823876_zpid/,,
39,Single Family,1952,Gas,Central,2 spaces,"3,920 sqft",$62,"$234,900","1606 S 48th Ct, Cicero, IL 60804","3,780", No, 4, 3, 3,"Home values in 60804 have risen 1.2 % (↑) over the past 12 months.Zillow predicts the home values in 60804 will increase 1.2% (↑) in the next year.This home is valued 25% higher (↑) than the median home in 60804.The median Zestimate® for this neighborhood is $187,899.",https://www.zillow.com/homedetails/1606-S-48th-Ct-Cicero-IL-60804/3823942_zpid/,None,
40,Single Family,1918,No Data,No Data,2 spaces,"4,125 sqft",,"$216,035","1914 S 61st Ct, Cicero, IL 60804","1,332", No, 3, 1,,"Home values in 60804 have risen 1.2 % (↑) over the past 12 months.Zillow predicts the home values in 60804 will rise 1.2% (↑) in the next year.This home is valued 15% higher (↑) than the median home in 60804.The median Zestimate® for this neighborhood is $187,899.",https://www.zillow.com/homedetails/1914-S-61st-Ct-Cicero-IL-60804/3822525_zpid/,,
41,Single Family,1916,Gas,None,2 spaces,"4,286 sqft",$164,"$219,000","1532 S 58th Ave, Cicero, IL 60804","1,336", No, 4, 2, 2,"Home values in 60804 have risen 1.2 % (↑) over the past 12 months.Zillow predicts the home values in 60804 will rise 1.2% (↑) in the next year.This home is valued 16.6% higher (↑) than the median home in 60804.The median Zestimate® for this neighborhood is $187,899.",https://www.zillow.com/homedetails/1532-S-58th-Ave-Cicero-IL-60804/3821837_zpid/,None,
42,Single Family,1931,No Data,No Data,No Data,"3,750 sqft",,"$221,307","5517 W 31st St, Cicero, IL 60804","1,982", No, 3, 2,,"Home values in 60804 have risen 1.2 % (↑) over the past 12 months.Zillow predicts the home values in 60804 will rise 1.2% (↑) in the next year.This home is valued 17.8% higher (↑) than the median home in 60804.The median Zestimate® for this neighborhood is $187,899.",https://www.zillow.com/homedetails/5517-W-31st-St-Cicero-IL-60804/3839983_zpid/,,
43,Single Family,1930,Gas,No Data,2 spaces,"7,405 sqft",,"$330,675","1837 S 49th Ct, Cicero, IL 60804","3,192", No, 3, 3,,"Home values in 60804 have risen 1.2 % (↑) over the past 12 months.Zillow predicts the home values in 60804 will increase 1.2% (↑) in the next year.This home is valued 76% higher (↑) than the median home in 60804.The median Zestimate® for this neighborhood is $187,899.",https://www.zillow.com/homedetails/1837-S-49th-Ct-Cicero-IL-60804/3823997_zpid/,,
44,Single Family,1923,No Data,Central,2 spaces,"4,221 sqft",,"$227,851","2519 S 61st Ct, Cicero, IL 60804","1,392", No, 3, 1,,"Home values in 60804 have risen 1.2 % (↑) over the past 12 months.Zillow predicts the home values in 60804 will increase 1.2% (↑) in the next year.This home is valued 21.3% higher (↑) than the median home in 60804.The median Zestimate® for this neighborhood is $187,899.",https://www.zillow.com/homedetails/2519-S-61st-Ct-Cicero-IL-60804/3829998_zpid/,,
45,Single Family,1917,No Data,No Data,Detached Garage,"3,920 sqft",,"$188,993","5731 W 23rd St, Cicero, IL 60804","1,011", No, 3, 2,,"Home values in 60804 have risen 1.2 % (↑) over the past 12 months.Zillow predicts the home values in 60804 will increase 1.2% (↑) in the next year.This home is valued 100% lower (↓) than the median home in 60804.The median Zestimate® for this neighborhood is $187,899.",https://www.zillow.com/homedetails/5731-W-23rd-St-Cicero-IL-60804/3830284_zpid/,,
46,Condo,1944,Gas,Central,2 spaces,,,"$168,680","3735 S 57th Ct #1, Cicero, IL 60804","1,096", No, 2, 1, 1,"Home values in 60804 have risen 1.2 % (↑) over the past 12 months.Zillow predicts the home values in 60804 will increase 1.2% (↑) in the next year.This home is valued 10.2% lower (↓) than the median home in 60804.The median Zestimate® for this neighborhood is $187,899.",https://www.zillow.com/homedetails/3735-S-57th-Ct-1-Cicero-IL-60804/3839588_zpid/,No Data,
47,Single Family,1919,Forced air,Central,2 spaces,"3,789 sqft",$181,"$199,900","2434 S 60th Ct, Cicero, IL 60804","1,104", No, 3, 2, 2,"Home values in 60804 have risen 1.2 % (↑) over the past 12 months.Zillow predicts the home values in 60804 will increase 1.2% (↑) in the next year.This home is valued 6.4% higher (↑) than the median home in 60804.The median Zestimate® for this neighborhood is $187,899.",https://www.zillow.com/homedetails/2434-S-60th-Ct-Cicero-IL-60804/3829841_zpid/,,
48,Single Family,1914,Forced air,Central,2 spaces,"4,159 sqft",,"$285,169","2341 S 58th Ct, Cicero, IL 60804","2,100", No, 4, 2, 2,"Home values in 60804 have risen 1.2 % (↑) over the past 12 months.Zillow predicts the home values in 60804 will rise 1.2% (↑) in the next year.This home is valued 51.8% higher (↑) than the median home in 60804.The median Zestimate® for this neighborhood is $187,899.",https://www.zillow.com/homedetails/2341-S-58th-Ct-Cicero-IL-60804/3830265_zpid/,,
49,Multi Family,1913,Gas,No Data,4 spaces,,,"$284,910","5228 W 23rd St, Cicero, IL 60804","1,180", No, 8, 3, 3,"Home values in 60804 have risen 1.2 % (↑) over the past 12 months.Zillow predicts the home values in 60804 will increase 1.2% (↑) in the next year.This home is valued 51.6% higher (↑) than the median home in 60804.The median Zestimate® for this neighborhood is $187,899.",https://www.zillow.com/homedetails/5228-W-23rd-St-Cicero-IL-60804/158724653_zpid/,,
50,Single Family,1945,No Data,Central,2 spaces,"4,672 sqft",,"$225,934","3546 S 61st Ave, Cicero, IL 60804","1,426", No, 2, 1,,"Home values in 60804 have risen 1.2 % (↑) over the past 12 months.Zillow predicts the home values in 60804 will rise 1.2% (↑) in the next year.This home is valued 20.2% higher (↑) than the median home in 60804.The median Zestimate® for this neighborhood is $187,899.",https://www.zillow.com/homedetails/3546-S-61st-Ave-Cicero-IL-60804/3838164_zpid/,,
51,Single Family,1956,Forced air,Central,2 spaces,"3,920 sqft",,"$191,705","3406 S 60th Ct, Cicero, IL 60804","1,996", No, 5, 3,,"Home values in 60804 have risen 1.2 % (↑) over the past 12 months.Zillow predicts the home values in 60804 will rise 1.2% (↑) in the next year.This home is valued 2% higher (↑) than the median home in 60804.The median Zestimate® for this neighborhood is $187,899.",https://www.zillow.com/homedetails/3406-S-60th-Ct-Cicero-IL-60804/3837490_zpid/,,
52,Single Family,1925,No Data,No Data,2 spaces,"4,410 sqft",,"$210,803","2609 S 59th Ave, Cicero, IL 60804","1,338", No, 3, 1,,"Home values in 60804 have risen 1.2 % (↑) over the past 12 months.Zillow predicts the home values in 60804 will increase 1.2% (↑) in the next year.This home is valued 12.2% higher (↑) than the median home in 60804.The median Zestimate® for this neighborhood is $187,899.",https://www.zillow.com/homedetails/2609-S-59th-Ave-Cicero-IL-60804/3831306_zpid/,,
53,Single Family,1945,"Forced air, Gas",Central,2 spaces,"5,584 sqft",$199,"$199,000","3744 S 57th Ave, Cicero, IL 60804","1,000", No, 3, 1, 1,"Home values in 60804 have risen 1.2 % (↑) over the past 12 months.Zillow predicts the home values in 60804 will increase 1.2% (↑) in the next year.This home is valued 5.9% higher (↑) than the median home in 60804.The median Zestimate® for this neighborhood is $187,899.",https://www.zillow.com/homedetails/3744-S-57th-Ave-Cicero-IL-60804/3839595_zpid/,,
54,Condo,1944,Forced air,Central,2 spaces,,$152,"$154,000","3722 S 58th Ave, Cicero, IL 60804","1,012", No, 2, 1, 1,"Home values in 60804 have risen 1.2 % (↑) over the past 12 months.Zillow predicts the home values in 60804 will increase 1.2% (↑) in the next year.This home is valued 18% lower (↓) than the median home in 60804.The median Zestimate® for this neighborhood is $187,899.",https://www.zillow.com/homedetails/3722-S-58th-Ave-Cicero-IL-60804/3839530_zpid/,None,
55,Single Family,1955,Forced air,Central,2 spaces,"3,811 sqft",,"$217,149","3624 S 55th Ave, Cicero, IL 60804","1,100", No, 3, 1,,"Home values in 60804 have risen 1.2 % (↑) over the past 12 months.Zillow predicts the home values in 60804 will rise 1.2% (↑) in the next year.This home is valued 15.6% higher (↑) than the median home in 60804.The median Zestimate® for this neighborhood is $187,899.",https://www.zillow.com/homedetails/3624-S-55th-Ave-Cicero-IL-60804/3840940_zpid/,,
56,Single Family,1923,No Data,No Data,2 spaces,"3,750 sqft",,"$180,758","5312 W 30th Pl, Cicero, IL 60804","1,054", No, 2, 1,,"Home values in 60804 have risen 1.2 % (↑) over the past 12 months.Zillow predicts the home values in 60804 will increase 1.2% (↑) in the next year.This home is valued 3.8% lower (↓) than the median home in 60804.The median Zestimate® for this neighborhood is $187,899.",https://www.zillow.com/homedetails/5312-W-30th-Pl-Cicero-IL-60804/3828875_zpid/,,
57,Single Family,1945,Forced air,Central,2 spaces,"5,039 sqft",,"$209,264","3426 S 57th Ave, Cicero, IL 60804","1,264", No, 3, 2,,"Home values in 60804 have risen 1.2 % (↑) over the past 12 months.Zillow predicts the home values in 60804 will rise 1.2% (↑) in the next year.This home is valued 11.4% higher (↑) than the median home in 60804.The median Zestimate® for this neighborhood is $187,899.",https://www.zillow.com/homedetails/3426-S-57th-Ave-Cicero-IL-60804/3837909_zpid/,,
58,Condo,1965,Electric,Central,1 space,,$119,"$85,900","1526 S 51st Ct APT 4, Cicero, IL 60804",720, No, 2, 1, 1,"Home values in 60804 have risen 1.2 % (↑) over the past 12 months.Zillow predicts the home values in 60804 will increase 1.2% (↑) in the next year.This home is valued 54.3% lower (↓) than the median home in 60804.The median Zestimate® for this neighborhood is $187,899.",https://www.zillow.com/homedetails/1526-S-51st-Ct-APT-4-Cicero-IL-60804/2081098458_zpid/,$200/month,
59,Single Family,1924,No Data,No Data,1 space,"5,227 sqft",,"$231,670","1231 S 59th Ct, Cicero, IL 60804","1,578", No, 3, 1,,"Home values in 60804 have risen 1.2 % (↑) over the past 12 months.Zillow predicts the home values in 60804 will rise 1.2% (↑) in the next year.This home is valued 23.3% higher (↑) than the median home in 60804.The median Zestimate® for this neighborhood is $187,899.",https://www.zillow.com/homedetails/1231-S-59th-Ct-Cicero-IL-60804/3821248_zpid/,,
60,Single Family,1917,Forced air,None,2 spaces,"3,920 sqft",,"$194,216","1826 S 57th Ct, Cicero, IL 60804",782, No, 4, 2,,"Home values in 60804 have risen 1.2 % (↑) over the past 12 months.Zillow predicts the home values in 60804 will increase 1.2% (↑) in the next year.This home is valued 3.4% higher (↑) than the median home in 60804.The median Zestimate® for this neighborhood is $187,899.",https://www.zillow.com/homedetails/1826-S-57th-Ct-Cicero-IL-60804/3822970_zpid/,,
61,Single Family,1923,Forced air,Central,2 spaces,"3,959 sqft",,"$215,881","2508 S 59th Ct, Cicero, IL 60804","1,082", No, 3, 1, 1,"Home values in 60804 have risen 1.2 % (↑) over the past 12 months.Zillow predicts the home values in 60804 will rise 1.2% (↑) in the next year.This home is valued 14.9% higher (↑) than the median home in 60804.The median Zestimate® for this neighborhood is $187,899.",https://www.zillow.com/homedetails/2508-S-59th-Ct-Cicero-IL-60804/3830525_zpid/,,
62,Single Family,1950,No Data,Central,2 spaces,"5,040 sqft",,"$238,216","3725 S 59th Ct, Cicero, IL 60804","1,654", No, 4, 2,,"Home values in 60804 have risen 1.2 % (↑) over the past 12 months.Zillow predicts the home values in 60804 will rise 1.2% (↑) in the next year.This home is valued 26.8% higher (↑) than the median home in 60804.The median Zestimate® for this neighborhood is $187,899.",https://www.zillow.com/homedetails/3725-S-59th-Ct-Cicero-IL-60804/3839465_zpid/,,
63,Multi Family,1920,No Data,No Data,2 spaces,,$141,"$155,000","5509 W 22nd Pl, Cicero, IL 60804","1,096", No, 3, 2, 2,"Home values in 60804 have risen 1.2 % (↑) over the past 12 months.Zillow predicts the home values in 60804 will increase 1.2% (↑) in the next year.This home is valued 17.5% lower (↓) than the median home in 60804.The median Zestimate® for this neighborhood is $187,899.",https://www.zillow.com/homedetails/5509-W-22nd-Pl-Cicero-IL-60804/3828138_zpid/,,
64,Single Family,1922,No Data,Central,2 spaces,"4,158 sqft",,"$228,757","1927 S 61st Ct, Cicero, IL 60804","1,319", No, 3, 2,,"Home values in 60804 have risen 1.2 % (↑) over the past 12 months.Zillow predicts the home values in 60804 will increase 1.2% (↑) in the next year.This home is valued 21.7% higher (↑) than the median home in 60804.The median Zestimate® for this neighborhood is $187,899.",https://www.zillow.com/homedetails/1927-S-61st-Ct-Cicero-IL-60804/3822535_zpid/,,
65,Single Family,1921,No Data,No Data,2 spaces,"4,158 sqft",,"$214,993","1636 S 60th Ct, Cicero, IL 60804","1,004", No, 3, 2,,"Home values in 60804 have risen 1.2 % (↑) over the past 12 months.Zillow predicts the home values in 60804 will increase 1.2% (↑) in the next year.This home is valued 14.4% higher (↑) than the median home in 60804.The median Zestimate® for this neighborhood is $187,899.",https://www.zillow.com/homedetails/1636-S-60th-Ct-Cicero-IL-60804/3822178_zpid/,,
66,Multi Family,1912,Gas,Central,2 spaces,,$130,"$220,000","1444 S 51st Ave, Cicero, IL 60804","1,688", No, 5, 2, 2,"Home values in 60804 have risen 1.2 % (↑) over the past 12 months.Zillow predicts the home values in 60804 will rise 1.2% (↑) in the next year.This home is valued 17.1% higher (↑) than the median home in 60804.The median Zestimate® for this neighborhood is $187,899.",https://www.zillow.com/homedetails/1444-S-51st-Ave-Cicero-IL-60804/3823580_zpid/,,
67,Single Family,1924,No Data,Central,2 spaces,"4,612 sqft",,"$225,367","1433 S 60th Ct, Cicero, IL 60804","1,330", No, 3, 1,,"Home values in 60804 have risen 1.2 % (↑) over the past 12 months.Zillow predicts the home values in 60804 will increase 1.2% (↑) in the next year.This home is valued 19.9% higher (↑) than the median home in 60804.The median Zestimate® for this neighborhood is $187,899.",https://www.zillow.com/homedetails/1433-S-60th-Ct-Cicero-IL-60804/3821004_zpid/,,
68,Single Family,1917,No Data,Central,2 spaces,"3,780 sqft",,"$202,707","1504 S 56th Ct, Cicero, IL 60804",968, No, 2, 1,,"Home values in 60804 have risen 1.2 % (↑) over the past 12 months.Zillow predicts the home values in 60804 will increase 1.2% (↑) in the next year.This home is valued 7.9% higher (↑) than the median home in 60804.The median Zestimate® for this neighborhood is $187,899.",https://www.zillow.com/homedetails/1504-S-56th-Ct-Cicero-IL-60804/3821915_zpid/,,
69,Single Family,1913,No Data,No Data,2 spaces,"3,049 sqft",No Data,"$210,105","4818 W 24th Pl, Cicero, IL 60804","1,501", No, 4, 2,,"Home values in 60804 have risen 1.2 % (↑) over the past 12 months.Zillow predicts the home values in 60804 will rise 1.2% (↑) in the next year.This home is valued 11.8% higher (↑) than the median home in 60804.The median Zestimate® for this neighborhood is $187,899.",https://www.zillow.com/homedetails/4818-W-24th-Pl-Cicero-IL-60804/3828687_zpid/,,
70,Single Family,1949,Gas,No Data,2 spaces,"4,138 sqft",,"$110,813","3310 S 58th Ct, Cicero, IL 60804",954, No, 3, 2, 1,"Home values in 60804 have risen 1.2 % (↑) over the past 12 months.Zillow predicts the home values in 60804 will increase 1.2% (↑) in the next year.This home is valued 41% lower (↓) than the median home in 60804.The median Zestimate® for this neighborhood is $187,899.",https://www.zillow.com/homedetails/3310-S-58th-Ct-Cicero-IL-60804/3837639_zpid/,, 1
71,Single Family,1947,No Data,No Data,2 spaces,"3,150 sqft",,"$242,404","2614 S Austin Blvd, Cicero, IL 60804","2,067", No, 4, 2,,"Home values in 60804 have risen 1.2 % (↑) over the past 12 months.Zillow predicts the home values in 60804 will increase 1.2% (↑) in the next year.This home is valued 29% higher (↑) than the median home in 60804.The median Zestimate® for this neighborhood is $187,899.",https://www.zillow.com/homedetails/2614-S-Austin-Blvd-Cicero-IL-60804/3830899_zpid/,,
72,Single Family,1925,No Data,No Data,2 spaces,"4,158 sqft",,"$239,238","1535 S 59th Ct, Cicero, IL 60804","2,111", No, 3, 2,,"Home values in 60804 have risen 1.2 % (↑) over the past 12 months.Zillow predicts the home values in 60804 will increase 1.2% (↑) in the next year.This home is valued 27.3% higher (↑) than the median home in 60804.The median Zestimate® for this neighborhood is $187,899.",https://www.zillow.com/homedetails/1535-S-59th-Ct-Cicero-IL-60804/3821776_zpid/,,
73,Single Family,1929,Forced air,Central,2 spaces,"3,781 sqft",,"$225,142","1409 S 59th Ave, Cicero, IL 60804","1,500", No, 3, 2, 2,"Home values in 60804 have risen 1.2 % (↑) over the past 12 months.Zillow predicts the home values in 60804 will increase 1.2% (↑) in the next year.This home is valued 19.8% higher (↑) than the median home in 60804.The median Zestimate® for this neighborhood is $187,899.",https://www.zillow.com/homedetails/1409-S-59th-Ave-Cicero-IL-60804/3821571_zpid/,,
74,Multi Family,1925,Other,No Data,2 spaces,,,"$145,630","1501 S 61st Ct #1, Cicero, IL 60804","2,144", No, 3, 2,,"Home values in 60804 have risen 1.2 % (↑) over the past 12 months.Zillow predicts the home values in 60804 will rise 1.2% (↑) in the next year.This home is valued 22.5% lower (↓) than the median home in 60804.The median Zestimate® for this neighborhood is $187,899.",https://www.zillow.com/homedetails/1501-S-61st-Ct-1-Cicero-IL-60804/3821178_zpid/,,
75,Single Family,1928,Forced air,Central,2 spaces,"3,049 sqft",,"$210,047","5716 W 26th St, Cicero, IL 60804",924, No, 2, 2,,"Home values in 60804 have risen 1.2 % (↑) over the past 12 months.Zillow predicts the home values in 60804 will increase 1.2% (↑) in the next year.This home is valued 11.8% higher (↑) than the median home in 60804.The median Zestimate® for this neighborhood is $187,899.",https://www.zillow.com/homedetails/5716-W-26th-St-Cicero-IL-60804/3830663_zpid/,,
76,Single Family,1892,No Data,No Data,2 spaces,"3,150 sqft",,"$186,211","2708 S 58th Ct, Cicero, IL 60804","1,478", No, 3, 2,,"Home values in 60804 have risen 1.2 % (↑) over the past 12 months.Zillow predicts the home values in 60804 will rise 1.2% (↑) in the next year.This home is valued 0.9% lower (↓) than the median home in 60804.The median Zestimate® for this neighborhood is $187,899.",https://www.zillow.com/homedetails/2708-S-58th-Ct-Cicero-IL-60804/3831436_zpid/,,
77,Single Family,1909,Forced air,Central,1 space,"3,149 sqft",,"$239,489","5115 W 22nd Pl, Cicero, IL 60804","1,500", No, 3, 2, 2,"Home values in 60804 have risen 1.2 % (↑) over the past 12 months.Zillow predicts the home values in 60804 will rise 1.2% (↑) in the next year.This home is valued 27.5% higher (↑) than the median home in 60804.The median Zestimate® for this neighborhood is $187,899.",https://www.zillow.com/homedetails/5115-W-22nd-Pl-Cicero-IL-60804/3828512_zpid/,,
78,Single Family,1961,No Data,Central,2 spaces,"3,274 sqft",,"$208,058","3244 S 53rd Ct, Cicero, IL 60804",960, No, 3, 2,,"Home values in 60804 have risen 1.2 % (↑) over the past 12 months.Zillow predicts the home values in 60804 will increase 1.2% (↑) in the next year.This home is valued 10.7% higher (↑) than the median home in 60804.The median Zestimate® for this neighborhood is $187,899.",https://www.zillow.com/homedetails/3244-S-53rd-Ct-Cicero-IL-60804/3840212_zpid/,,
79,Single Family,1919,Forced air,Central,1 space,"3,920 sqft",,"$179,581","1927 S 50th Ct, Cicero, IL 60804",945, No, 2, 1,,"Home values in 60804 have risen 1.2 % (↑) over the past 12 months.Zillow predicts the home values in 60804 will rise 1.2% (↑) in the next year.This home is valued 4.4% lower (↓) than the median home in 60804.The median Zestimate® for this neighborhood is $187,899.",https://www.zillow.com/homedetails/1927-S-50th-Ct-Cicero-IL-60804/3824092_zpid/,,
80,Single Family,1918,No Data,No Data,2 spaces,"3,780 sqft",,"$207,149","1926 S 58th Ct, Cicero, IL 60804","1,053", No, 3, 1,,"Home values in 60804 have risen 1.2 % (↑) over the past 12 months.Zillow predicts the home values in 60804 will increase 1.2% (↑) in the next year.This home is valued 10.2% higher (↑) than the median home in 60804.The median Zestimate® for this neighborhood is $187,899.",https://www.zillow.com/homedetails/1926-S-58th-Ct-Cicero-IL-60804/3823162_zpid/,,
81,Single Family,1980,Forced air,Central,2 spaces,"5,930 sqft",,"$245,266","2624 S 61st Ave, Cicero, IL 60804","1,659", No, 4, 2,,"Home values in 60804 have risen 1.2 % (↑) over the past 12 months.Zillow predicts the home values in 60804 will increase 1.2% (↑) in the next year.This home is valued 30.5% higher (↑) than the median home in 60804.The median Zestimate® for this neighborhood is $187,899.",https://www.zillow.com/homedetails/2624-S-61st-Ave-Cicero-IL-60804/3830864_zpid/,,
82,Condo,1944,No Data,Central,No Data,,,"$184,623","3525 S 59th Ave, Cicero, IL 60804","1,064", No, 3, 2,,"Home values in 60804 have risen 1.2 % (↑) over the past 12 months.Zillow predicts the home values in 60804 will increase 1.2% (↑) in the next year.This home is valued 1.7% lower (↓) than the median home in 60804.The median Zestimate® for this neighborhood is $187,899.",https://www.zillow.com/homedetails/3525-S-59th-Ave-Cicero-IL-60804/3838973_zpid/,No Data,
83,Single Family,1947,Forced air,Central,2 spaces,"4,165 sqft",,"$209,695","3532 S Central Ave, Cicero, IL 60804","1,279", No, 4, 2, 2,"Home values in 60804 have risen 1.2 % (↑) over the past 12 months.Zillow predicts the home values in 60804 will rise 1.2% (↑) in the next year.This home is valued 11.6% higher (↑) than the median home in 60804.The median Zestimate® for this neighborhood is $187,899.",https://www.zillow.com/homedetails/3532-S-Central-Ave-Cicero-IL-60804/3839125_zpid/,,
84,Single Family,1960,No Data,Central,2 spaces,"3,780 sqft",,"$241,240","3637 S 61st Ct, Cicero, IL 60804","1,122", No, 3, 2,,"Home values in 60804 have risen 1.2 % (↑) over the past 12 months.Zillow predicts the home values in 60804 will rise 1.2% (↑) in the next year.This home is valued 28.4% higher (↑) than the median home in 60804.The median Zestimate® for this neighborhood is $187,899.",https://www.zillow.com/homedetails/3637-S-61st-Ct-Cicero-IL-60804/3838396_zpid/,,
85,Single Family,1949,"Forced air, Gas",Central,2 spaces,"3,702 sqft",$123,"$159,900","3529 S 54th Ave, Cicero, IL 60804","1,302", No, 2, 2, 2,"Home values in 60804 have risen 1.2 % (↑) over the past 12 months.Zillow predicts the home values in 60804 will increase 1.2% (↑) in the next year.This home is valued 14.9% lower (↓) than the median home in 60804.The median Zestimate® for this neighborhood is $187,899.",https://www.zillow.com/homedetails/3529-S-54th-Ave-Cicero-IL-60804/3840781_zpid/,,
86,Single Family,1946,No Data,No Data,2 spaces,"4,356 sqft",,"$189,938","3646 S Austin Blvd, Cicero, IL 60804",990, No, 2, 1,,"Home values in 60804 have risen 1.2 % (↑) over the past 12 months.Zillow predicts the home values in 60804 will increase 1.2% (↑) in the next year.This home is valued 1.1% higher (↑) than the median home in 60804.The median Zestimate® for this neighborhood is $187,899.",https://www.zillow.com/homedetails/3646-S-Austin-Blvd-Cicero-IL-60804/3838424_zpid/,,
87,Single Family,1889,Forced air,No Data,2 spaces,"4,791 sqft",,"$171,047","6015 W 28th St, Cicero, IL 60804","1,368", No, 3, 2,,"Home values in 60804 have risen 1.2 % (↑) over the past 12 months.Zillow predicts the home values in 60804 will increase 1.2% (↑) in the next year.This home is valued 9% lower (↓) than the median home in 60804.The median Zestimate® for this neighborhood is $187,899.",https://www.zillow.com/homedetails/6015-W-28th-St-Cicero-IL-60804/3831275_zpid/,,
88,Single Family,1920,No Data,Central,2 spaces,"3,750 sqft",,"$221,737","5049 W 29th St, Cicero, IL 60804","1,331", No, 4, 2,,"Home values in 60804 have risen 1.2 % (↑) over the past 12 months.Zillow predicts the home values in 60804 will rise 1.2% (↑) in the next year.This home is valued 18% higher (↑) than the median home in 60804.The median Zestimate® for this neighborhood is $187,899.",https://www.zillow.com/homedetails/5049-W-29th-St-Cicero-IL-60804/3829076_zpid/,,
89,Single Family,1917,No Data,No Data,2 spaces,"4,032 sqft",,"$192,118","2510 S 57th Ct, Cicero, IL 60804",959, No, 2, 2,,"Home values in 60804 have risen 1.2 % (↑) over the past 12 months.Zillow predicts the home values in 60804 will rise 1.2% (↑) in the next year.This home is valued 2.2% higher (↑) than the median home in 60804.The median Zestimate® for this neighborhood is $187,899.",https://www.zillow.com/homedetails/2510-S-57th-Ct-Cicero-IL-60804/3830632_zpid/,,
90,Single Family,1924,Forced air,Central,2 spaces,"3,781 sqft",$100,"$184,999","1611 S 50th Ave, Cicero, IL 60804","1,854", No, 3, 1, 1,"Home values in 60804 have risen 1.2 % (↑) over the past 12 months.Zillow predicts the home values in 60804 will increase 1.2% (↑) in the next year.This home is valued 1.5% lower (↓) than the median home in 60804.The median Zestimate® for this neighborhood is $187,899.",https://www.zillow.com/homedetails/1611-S-50th-Ave-Cicero-IL-60804/3823925_zpid/,None,
91,Single Family,2007,Forced air,Central,2 spaces,"4,573 sqft",$122,"$219,900","2940 S 48th Ct, Cicero, IL 60804","1,801", No, 4, 2, 2,"Home values in 60804 have risen 1.2 % (↑) over the past 12 months.Zillow predicts the home values in 60804 will increase 1.2% (↑) in the next year.This home is valued 17% higher (↑) than the median home in 60804.The median Zestimate® for this neighborhood is $187,899.",https://www.zillow.com/homedetails/2940-S-48th-Ct-Cicero-IL-60804/89954212_zpid/,None,
92,Multiple Occupancy,1894,"Other, Gas",None,2 spaces,,$172,"$304,000","3025 S 49th Ave, Cicero, IL 60804","1,771", No, 4, 2, 2,"Home values in 60804 have risen 1.2 % (↑) over the past 12 months.Zillow predicts the home values in 60804 will increase 1.2% (↑) in the next year.This home is valued 61.8% higher (↑) than the median home in 60804.The median Zestimate® for this neighborhood is $187,899.",https://www.zillow.com/homedetails/3025-S-49th-Ave-Cicero-IL-60804/2123028018_zpid/,,
93,Single Family,1908,Radiant,Other,2 spaces,"3,123 sqft",$115,"$129,900","5010 W 29th St, Cicero, IL 60804","1,125", No, 2, 2, 2,"Home values in 60804 have risen 1.2 % (↑) over the past 12 months.Zillow predicts the home values in 60804 will rise 1.2% (↑) in the next year.This home is valued 30.9% lower (↓) than the median home in 60804.The median Zestimate® for this neighborhood is $187,899.",https://www.zillow.com/homedetails/5010-W-29th-St-Cicero-IL-60804/3828979_zpid/,,
94,Multi Family,1915,Forced air,No Data,2 spaces,,No Data,"$249,500","5829 W Roosevelt Rd, Cicero, IL 60804",, No, 6, 3, 2,"Home values in 60804 have risen 1.2 % (↑) over the past 12 months.Zillow predicts the home values in 60804 will rise 1.2% (↑) in the next year.This home is valued 32.8% higher (↑) than the median home in 60804.The median Zestimate® for this neighborhood is $187,899.",https://www.zillow.com/homedetails/5829-W-Roosevelt-Rd-Cicero-IL-60804/2077594217_zpid/,, 1
95,Single Family,1948,Gas,Central,2 spaces,"4,159 sqft",$189,"$349,900","3328 S 58th Ct, Cicero, IL 60804","1,850", No, 4, 4, 3,"Home values in 60804 have risen 1.2 % (↑) over the past 12 months.Zillow predicts the home values in 60804 will rise 1.2% (↑) in the next year.This home is valued 86.2% higher (↑) than the median home in 60804.The median Zestimate® for this neighborhood is $187,899.",https://www.zillow.com/homedetails/3328-S-58th-Ct-Cicero-IL-60804/3837646_zpid/,None, 1
96,Single Family,1909,Gas,Central,2 spaces,"3,781 sqft",$161,"$289,900","5030 W 23rd St, Cicero, IL 60804","1,800", No, 4, 2, 1,"Home values in 60804 have risen 1.2 % (↑) over the past 12 months.Zillow predicts the home values in 60804 will increase 1.2% (↑) in the next year.This home is valued 54.3% higher (↑) than the median home in 60804.The median Zestimate® for this neighborhood is $187,899.",https://www.zillow.com/homedetails/5030-W-23rd-St-Cicero-IL-60804/3828539_zpid/,, 1
97,Single Family,1912,Gas,No Data,2 spaces,"3,136 sqft",$89,"$107,000","5028 W 24th St, Cicero, IL 60804","1,207", No, 4, 2, 2,"Home values in 60804 have risen 1.2 % (↑) over the past 12 months.Zillow predicts the home values in 60804 will increase 1.2% (↑) in the next year.This home is valued 43.1% lower (↓) than the median home in 60804.The median Zestimate® for this neighborhood is $187,899.",https://www.zillow.com/homedetails/5028-W-24th-St-Cicero-IL-60804/3828608_zpid/,,
98,Single Family,1924,Gas,Central,2 spaces,"5,227 sqft",$124,"$179,999","1227 S 58th Ct, Cicero, IL 60804","1,456", No, 3, 2, 1,"Home values in 60804 have risen 1.2 % (↑) over the past 12 months.Zillow predicts the home values in 60804 will rise 1.2% (↑) in the next year.This home is valued 4.2% lower (↓) than the median home in 60804.The median Zestimate® for this neighborhood is $187,899.",https://www.zillow.com/homedetails/1227-S-58th-Ct-Cicero-IL-60804/3821267_zpid/,, 1
99,Single Family,1912,Gas,No Data,2 spaces,"3,811 sqft",$195,"$219,000","2312 S Austin Blvd, Cicero, IL 60804","1,125", No, 4, 2, 2,"Home values in 60804 have risen 1.2 % (↑) over the past 12 months.Zillow predicts the home values in 60804 will rise 1.2% (↑) in the next year.This home is valued 16.6% higher (↑) than the median home in 60804.The median Zestimate® for this neighborhood is $187,899.",https://www.zillow.com/homedetails/2312-S-Austin-Blvd-Cicero-IL-60804/3829628_zpid/,,
100,Single Family,1947,Gas,Central,2 spaces,"4,165 sqft",$185,"$239,900","3528 S Central Ave, Cicero, IL 60804","1,300", No, 3, 1, 1,"Home values in 60804 have risen 1.2 % (↑) over the past 12 months.Zillow predicts the home values in 60804 will increase 1.2% (↑) in the next year.This home is valued 27.7% higher (↑) than the median home in 60804.The median Zestimate® for this neighborhood is $187,899.",https://www.zillow.com/homedetails/3528-S-Central-Ave-Cicero-IL-60804/3839124_zpid/,None,
101,Single Family,1940,Forced air,Central,2 spaces,"3,920 sqft",$201,"$260,000","3325 S 61st Ct, Cicero, IL 60804","1,292", No, 3, 2, 1,"Home values in 60804 have risen 1.2 % (↑) over the past 12 months.Zillow predicts the home values in 60804 will rise 1.2% (↑) in the next year.This home is valued 38.4% higher (↑) than the median home in 60804.The median Zestimate® for this neighborhood is $187,899.",https://www.zillow.com/homedetails/3325-S-61st-Ct-Cicero-IL-60804/3837176_zpid/,, 1
102,Single Family,1921,Forced air,Central,2 spaces,"4,138 sqft",$134,"$330,000","1513 S 59th Ct, Cicero, IL 60804","2,456", No, 6, 2, 2,"Home values in 60804 have risen 1.2 % (↑) over the past 12 months.Zillow predicts the home values in 60804 will increase 1.2% (↑) in the next year.This home is valued 75.6% higher (↑) than the median home in 60804.The median Zestimate® for this neighborhood is $187,899.",https://www.zillow.com/homedetails/1513-S-59th-Ct-Cicero-IL-60804/3821767_zpid/,,
103,Single Family,1913,"Forced air, Gas",Central,2 spaces,"6,621 sqft",$105,"$230,000","2645 S 61st Ave, Cicero, IL 60804","2,181", No, 3, 1, 1,"Home values in 60804 have risen 1.2 % (↑) over the past 12 months.Zillow predicts the home values in 60804 will increase 1.2% (↑) in the next year.This home is valued 22.4% higher (↑) than the median home in 60804.The median Zestimate® for this neighborhood is $187,899.",https://www.zillow.com/homedetails/2645-S-61st-Ave-Cicero-IL-60804/2077712295_zpid/,,
104,Single Family,1918,Forced air,No Data,2 spaces,"4,334 sqft",$162,"$179,900","2501 S 60th Ct, Cicero, IL 60804","1,108", No, 3, 1, 1,"Home values in 60804 have risen 1.2 % (↑) over the past 12 months.Zillow predicts the home values in 60804 will rise 1.2% (↑) in the next year.This home is valued 4.3% lower (↓) than the median home in 60804.The median Zestimate® for this neighborhood is $187,899.",https://www.zillow.com/homedetails/2501-S-60th-Ct-Cicero-IL-60804/3830045_zpid/,,
105,Single Family,1921,"Forced air, Gas",Central,2 spaces,"4,181 sqft",$322,"$339,900","1827 S 61st Ave, Cicero, IL 60804","1,054", No, 5, 2, 2,"Home values in 60804 have risen 1.2 % (↑) over the past 12 months.Zillow predicts the home values in 60804 will rise 1.2% (↑) in the next year.This home is valued 80.9% higher (↑) than the median home in 60804.The median Zestimate® for this neighborhood is $187,899.",https://www.zillow.com/homedetails/1827-S-61st-Ave-Cicero-IL-60804/3822397_zpid/,,
106,Single Family,1923,Gas,No Data,2 spaces,"3,136 sqft",$213,"$229,000","5018 W 32nd St, Chicago, IL 60804","1,075", No, 3, 1, 1,"Home values in 60804 have risen 1.2 % (↑) over the past 12 months.Zillow predicts the home values in 60804 will increase 1.2% (↑) in the next year.This home is valued 21.9% higher (↑) than the median home in 60804.The median Zestimate® for this neighborhood is $187,899.",https://www.zillow.com/homedetails/5018-W-32nd-St-Chicago-IL-60804/3840473_zpid/,,
107,Multi Family,1911,Forced air,No Data,2 spaces,,No Data,"$287,900","5518 W 23rd Pl, Cicero, IL 60804",, No, 5, 3, 3,"Home values in 60804 have risen 1.2 % (↑) over the past 12 months.Zillow predicts the home values in 60804 will increase 1.2% (↑) in the next year.This home is valued 53.2% higher (↑) than the median home in 60804.The median Zestimate® for this neighborhood is $187,899.",https://www.zillow.com/homedetails/5518-W-23rd-Pl-Cicero-IL-60804/2077760722_zpid/,,
108,Single Family,1926,Forced air,Central,2 spaces,"3,402 sqft",$161,"$289,900","1837 S Central Ave, Cicero, IL 60804","1,800", No, 3, 2, 1,"Home values in 60804 have risen 1.2 % (↑) over the past 12 months.Zillow predicts the home values in 60804 will rise 1.2% (↑) in the next year.This home is valued 54.3% higher (↑) than the median home in 60804.The median Zestimate® for this neighborhood is $187,899.",https://www.zillow.com/homedetails/1837-S-Central-Ave-Cicero-IL-60804/2077782577_zpid/,None, 1
109,Multiple Occupancy,1913,Gas,No Data,2 spaces,,,"$249,900","4822 W 23rd Pl, Cicero, IL 60804",, No, 4, 3, 3,"Home values in 60804 have risen 1.2 % (↑) over the past 12 months.Zillow predicts the home values in 60804 will increase 1.2% (↑) in the next year.This home is valued 33% higher (↑) than the median home in 60804.The median Zestimate® for this neighborhood is $187,899.",https://www.zillow.com/homedetails/4822-W-23rd-Pl-Cicero-IL-60804/2077787893_zpid/,,
110,Multiple Occupancy,1913,Gas,No Data,2 spaces,,,"$249,900","4818 W 23rd Pl, Cicero, IL 60804",, No, 4, 3, 3,"Home values in 60804 have risen 1.2 % (↑) over the past 12 months.Zillow predicts the home values in 60804 will rise 1.2% (↑) in the next year.This home is valued 33% higher (↑) than the median home in 60804.The median Zestimate® for this neighborhood is $187,899.",https://www.zillow.com/homedetails/4818-W-23rd-Pl-Cicero-IL-60804/2077790080_zpid/,,
111,Multi Family,1922,No Data,No Data,2 spaces,,$239,"$285,000","1904 S 61st Ave, Cicero, IL 60804","1,191", No, 4, 2, 2,"Home values in 60804 have risen 1.2 % (↑) over the past 12 months.Zillow predicts the home values in 60804 will rise 1.2% (↑) in the next year.This home is valued 51.7% higher (↑) than the median home in 60804.The median Zestimate® for this neighborhood is $187,899.",https://www.zillow.com/homedetails/1904-S-61st-Ave-Cicero-IL-60804/3822521_zpid/,,
112,Multiple Occupancy,1919,Gas,No Data,2 spaces,,,"$339,900","1833 S 49th Ct, Cicero, IL 60804",, No, 6, 3, 2,"Home values in 60804 have risen 1.2 % (↑) over the past 12 months.Zillow predicts the home values in 60804 will increase 1.2% (↑) in the next year.This home is valued 80.9% higher (↑) than the median home in 60804.The median Zestimate® for this neighborhood is $187,899.",https://www.zillow.com/homedetails/1833-S-49th-Ct-Cicero-IL-60804/2105918107_zpid/,, 1
113,Multiple Occupancy,1992,"Forced air, Gas",No Data,2 spaces,,$132,"$329,000","3502 S 55th Ct, Cicero, IL 60804","2,496", No, 5, 2, 2,"Home values in 60804 have risen 1.2 % (↑) over the past 12 months.Zillow predicts the home values in 60804 will increase 1.2% (↑) in the next year.This home is valued 75.1% higher (↑) than the median home in 60804.The median Zestimate® for this neighborhood is $187,899.",https://www.zillow.com/homedetails/3502-S-55th-Ct-Cicero-IL-60804/2100982074_zpid/,,
114,Multiple Occupancy,1916,Gas,No Data,2 spaces,,,"$235,000","5305 W 30th Pl, Cicero, IL 60804",, No, 4, 2, 2,"Home values in 60804 have risen 1.2 % (↑) over the past 12 months.Zillow predicts the home values in 60804 will increase 1.2% (↑) in the next year.This home is valued 25.1% higher (↑) than the median home in 60804.The median Zestimate® for this neighborhood is $187,899.",https://www.zillow.com/homedetails/5305-W-30th-Pl-Cicero-IL-60804/2096501721_zpid/,,
115,Multiple Occupancy,1959,"Forced air, Gas",Central,2 spaces,,,"$300,000","3638 S 53rd Ave, Cicero, IL 60804",, No, 6, 2, 2,"Home values in 60804 have risen 1.2 % (↑) over the past 12 months.Zillow predicts the home values in 60804 will rise 1.2% (↑) in the next year.This home is valued 59.7% higher (↑) than the median home in 60804.The median Zestimate® for this neighborhood is $187,899.",https://www.zillow.com/homedetails/3638-S-53rd-Ave-Cicero-IL-60804/2141082846_zpid/,,
116,Single Family,1921,Forced air,Central,2 spaces,"4,138 sqft",$279,"$345,000","1920 S 57th Ct, Cicero, IL 60804","1,236", No, 5, 2, 2,"Home values in 60804 have risen 1.2 % (↑) over the past 12 months.Zillow predicts the home values in 60804 will increase 1.2% (↑) in the next year.This home is valued 83.6% higher (↑) than the median home in 60804.The median Zestimate® for this neighborhood is $187,899.",https://www.zillow.com/homedetails/1920-S-57th-Ct-Cicero-IL-60804/158716609_zpid/,,
117,Multi Family,No Data,Gas,No Data,2 spaces,,No Data,"$180,000","5320 W 26th St, Cicero, IL 60804",, No, 6, 3, 3,"Home values in 60804 have risen 1.2 % (↑) over the past 12 months.Zillow predicts the home values in 60804 will increase 1.2% (↑) in the next year.This home is valued 4.2% lower (↓) than the median home in 60804.The median Zestimate® for this neighborhood is $187,899.",https://www.zillow.com/homedetails/5320-W-26th-St-Cicero-IL-60804/2077975086_zpid/,,
118,Single Family,1899,"Forced air, Gas",Central,2 spaces,"4,373 sqft",$129,"$311,500","3043 S 49th Ave, Cicero, IL 60804","2,412", No, 4, 3, 3,"Home values in 60804 have risen 1.2 % (↑) over the past 12 months.Zillow predicts the home values in 60804 will rise 1.2% (↑) in the next year.This home is valued 65.8% higher (↑) than the median home in 60804.The median Zestimate® for this neighborhood is $187,899.",https://www.zillow.com/homedetails/3043-S-49th-Ave-Cicero-IL-60804/3829240_zpid/,,
119,Single Family,1923,Gas,Central,2 spaces,"3,750 sqft",$79,"$122,999","5421 W 30th Pl, Cicero, IL 60804","1,561", No, 3, 1, 1,"Home values in 60804 have risen 1.2 % (↑) over the past 12 months.Zillow predicts the home values in 60804 will increase 1.2% (↑) in the next year.This home is valued 34.5% lower (↓) than the median home in 60804.The median Zestimate® for this neighborhood is $187,899.",https://www.zillow.com/homedetails/5421-W-30th-Pl-Cicero-IL-60804/3828899_zpid/,,
120,Multi Family,1914,Forced air,No Data,2 spaces,,No Data,"$229,999","5413 W 24th Pl, Cicero, IL 60804",, No, 5, 3, 3,"Home values in 60804 have risen 1.2 % (↑) over the past 12 months.Zillow predicts the home values in 60804 will rise 1.2% (↑) in the next year.This home is valued 22.4% higher (↑) than the median home in 60804.The median Zestimate® for this neighborhood is $187,899.",https://www.zillow.com/homedetails/5413-W-24th-Pl-Cicero-IL-60804/2082909539_zpid/,,
121,Single Family,1924,Gas,No Data,2 spaces,"4,190 sqft",$196,"$270,000","1935 S 61st Ave, Cicero, IL 60804","1,377", No, 3, 2, 1,"Home values in 60804 have risen 1.2 % (↑) over the past 12 months.Zillow predicts the home values in 60804 will rise 1.2% (↑) in the next year.This home is valued 43.7% higher (↑) than the median home in 60804.The median Zestimate® for this neighborhood is $187,899.",https://www.zillow.com/homedetails/1935-S-61st-Ave-Cicero-IL-60804/3822565_zpid/,, 1
122,Single Family,1925,Forced air,Central,2 spaces,"4,190 sqft",$130,"$175,000","1414 S 60th Ct, Cicero, IL 60804","1,349", No, 7, 2, 2,"Home values in 60804 have risen 1.2 % (↑) over the past 12 months.Zillow predicts the home values in 60804 will rise 1.2% (↑) in the next year.This home is valued 6.9% lower (↓) than the median home in 60804.The median Zestimate® for this neighborhood is $187,899.",https://www.zillow.com/homedetails/1414-S-60th-Ct-Cicero-IL-60804/3820983_zpid/,,
123,Single Family,1899,"Forced air, Gas",Central,2 spaces,"4,351 sqft",$497,"$318,900","2827 S 49th Ave, Cicero, IL 60804",642, No, 5, 3, 3,"Home values in 60804 have risen 1.2 % (↑) over the past 12 months.Zillow predicts the home values in 60804 will increase 1.2% (↑) in the next year.This home is valued 69.7% higher (↑) than the median home in 60804.The median Zestimate® for this neighborhood is $187,899.",https://www.zillow.com/homedetails/2827-S-49th-Ave-Cicero-IL-60804/158725623_zpid/,,
124,Single Family,1902,Gas,No Data,4 spaces,"3,136 sqft",$167,"$214,000","5015-2 W 31st Pl, Cicero, IL 60804","1,280", No, 3, 2, 2,"Home values in 60804 have risen 1.2 % (↑) over the past 12 months.Zillow predicts the home values in 60804 will increase 1.2% (↑) in the next year.This home is valued 13.9% higher (↑) than the median home in 60804.The median Zestimate® for this neighborhood is $187,899.",https://www.zillow.com/homedetails/5015-2-W-31st-Pl-Cicero-IL-60804/2078055100_zpid/,,
125,Single Family,1953,Forced air,Central,2 spaces,"4,443 sqft",$145,"$240,000","3816 S 61st Ave, Cicero, IL 60804","1,656", No, 4, 1, 1,"Home values in 60804 have risen 1.2 % (↑) over the past 12 months.Zillow predicts the home values in 60804 will increase 1.2% (↑) in the next year.This home is valued 27.7% higher (↑) than the median home in 60804.The median Zestimate® for this neighborhood is $187,899.",https://www.zillow.com/homedetails/3816-S-61st-Ave-Cicero-IL-60804/3838828_zpid/,,
126,Multi Family,1921,Gas,No Data,2 spaces,,$76,"$236,000","1306 S 51st Ave, Cicero, IL 60804","3,087", No, 6, 4, 4,"Home values in 60804 have risen 1.2 % (↑) over the past 12 months.Zillow predicts the home values in 60804 will increase 1.2% (↑) in the next year.This home is valued 25.6% higher (↑) than the median home in 60804.The median Zestimate® for this neighborhood is $187,899.",https://www.zillow.com/homedetails/1306-S-51st-Ave-Cicero-IL-60804/158716938_zpid/,,
127,Single Family,1908,Forced air,Central,2 spaces,"3,123 sqft",$142,"$249,999","5012 29th St, Cicero, IL 60804","1,761", No, 4, 2, 2,"Home values in 60804 have risen 1.2 % (↑) over the past 12 months.Zillow predicts the home values in 60804 will rise 1.2% (↑) in the next year.This home is valued 33% higher (↑) than the median home in 60804.The median Zestimate® for this neighborhood is $187,899.",https://www.zillow.com/homedetails/5012-29th-St-Cicero-IL-60804/2078149900_zpid/,,
128,Multi Family,No Data,Gas,No Data,3 spaces,,No Data,"$289,900","2212 S 58th Ct, Cicero, IL 60804",, No, 7, 2, 2,"Home values in 60804 have risen 1.2 % (↑) over the past 12 months.Zillow predicts the home values in 60804 will increase 1.2% (↑) in the next year.This home is valued 54.3% higher (↑) than the median home in 60804.The median Zestimate® for this neighborhood is $187,899.",https://www.zillow.com/homedetails/2212-S-58th-Ct-Cicero-IL-60804/2078228209_zpid/,,
129,Multi Family,1927,No Data,No Data,None,,No Data,"$239,000","5241 W 30th St, Cicero, IL 60804",, No, 6, 3, 3,"Home values in 60804 have risen 1.2 % (↑) over the past 12 months.Zillow predicts the home values in 60804 will increase 1.2% (↑) in the next year.This home is valued 27.2% higher (↑) than the median home in 60804.The median Zestimate® for this neighborhood is $187,899.",https://www.zillow.com/homedetails/5241-W-30th-St-Cicero-IL-60804/2078257637_zpid/,,
