,Type,Year built,Heating,Cooling,Parking,Lot,Price/sqft,Total Price,Address,Square Feet,New construction,Bedrooms,Bathrooms,Full bathrooms,Half bathrooms,neighborhood_stats,URL,HOA
0,Single Family,2004,No Data,No Data,5 spaces,1.54 Acres,$670,"$4,850,000","7701 N Westhills Trl, Park City, UT 84098","7,240", No, 5, 7, 5, 2,,https://www.zillow.com/homedetails/7701-N-Westhills-Trl-Park-City-UT-84098/68854701_zpid/,
1,Single Family,2018,"Forced air, Radiant, Gas",Central,5 spaces,1.32 Acres,"$1,633","$10,000,000","800 Hollyhock St, Park City, UT 84098","6,124", Yes, 4, 5,,,,https://www.zillow.com/homedetails/800-Hollyhock-St-Park-City-UT-84098/111973576_zpid/,
2,,,,,,,,"$660,900","6699 Yarrow Ln, Park City, UT 84098",, Yes, 3, 3, 2, 1,,https://www.zillow.com/community/eclipse-at-silver-creek-village/2080357507_zpid/,
3,Single Family,2020,No Data,No Data,3 spaces,0.52 Acres,$161,"$847,000","409 E Creek Side Way #110, Coalville, UT 84017","5,254", No, 2, 3, 2, 1,,https://www.zillow.com/homedetails/409-E-Creek-Side-Way-110-Coalville-UT-84017/2077646532_zpid/,
4,,,,,,,,"$674,900","6704 Mountain Maple Dr, Park City, UT 84098",, Yes, 3, 3, 2, 1,,https://www.zillow.com/community/eclipse-at-silver-creek-village/2077989937_zpid/,
5,Townhouse,2020,No Data,No Data,2 spaces,"1,306 sqft",$315,"$829,900","14468 N Buck Horn Trl #50D, Heber City, UT 84032","2,635", Yes, 3, 4, 3, 1,,https://www.zillow.com/homedetails/14468-N-Buck-Horn-Trl-50D-Heber-City-UT-84032/2077661150_zpid/,
6,Townhouse,2020,No Data,No Data,2 spaces,"1,306 sqft",$293,"$729,900","14474 N Buck Horn Trl #50C, Heber City, UT 84032","2,494", Yes, 3, 3, 2, 1,,https://www.zillow.com/homedetails/14474-N-Buck-Horn-Trl-50C-Heber-City-UT-84032/2077661936_zpid/,
7,Townhouse,2020,No Data,No Data,2 spaces,"1,306 sqft",$267,"$729,900","14459 N Buck Horn Trl #48B, Heber City, UT 84032","2,735", Yes, 4, 4, 4,,,https://www.zillow.com/homedetails/14459-N-Buck-Horn-Trl-48B-Heber-City-UT-84032/2077662329_zpid/,
8,Single Family,2017,No Data,No Data,No Data,1.55 Acres,$729,"$6,500,000","7550 Purple Sage, Park City, UT 84098","8,922", No, 5, 8, 6, 2,,https://www.zillow.com/homedetails/7550-Purple-Sage-Park-City-UT-84098/111976188_zpid/,
9,Condo,2000,No Data,No Data,1 space,,$122,"$94,900","3855 N Grand Summit Dr #320Q4, Park City, UT 84098",779, No, 1, 1, 1,,,https://www.zillow.com/homedetails/3855-N-Grand-Summit-Dr-320Q4-Park-City-UT-84098/2077669416_zpid/,$290/mo
10,Condo,2000,"Forced air, Gas",No Data,No Data,,$151,"$118,000","3855 Grand Summit Dr #463-Q2, Park City, UT 84098",781, No, 1, 1, 1,,,https://www.zillow.com/homedetails/3855-Grand-Summit-Dr-463-Q2-Park-City-UT-84098/2077672134_zpid/,
11,Single Family,1999,"Radiant, Gas",No Data,3 spaces,2.14 Acres,$763,"$4,250,000","2692 Ruminant Rd, Park City, UT 84060","5,568", No, 4, 5, 4, 1,,https://www.zillow.com/homedetails/2692-Ruminant-Rd-Park-City-UT-84060/68841852_zpid/,
12,Condo,1988,No Data,No Data,No Data,,$430,"$219,500","1940 Prospector Ave #113, Park City, UT 84060",510, No, 1, 1, 1,,,https://www.zillow.com/homedetails/1940-Prospector-Ave-113-Park-City-UT-84060/68840438_zpid/,$326/mo
13,,,,,,,,"$534,900","1337 Daylily Ln, Park City, UT 84098",, Yes, 3, 3, 2, 1,,https://www.zillow.com/community/skyscape-at-silver-creek-village/2078031106_zpid/,
14,Townhouse,2005,No Data,No Data,2 spaces,"2,613 sqft",$400,"$899,999","5679 Oslo Ln, Park City, UT 84098","2,250", No, 4, 4, 3, 1,,https://www.zillow.com/homedetails/5679-Oslo-Ln-Park-City-UT-84098/89092252_zpid/,
15,,,,,,,,"$534,900","1321 Daylily Ln, Park City, UT 84098",, Yes, 3, 3, 2, 1,,https://www.zillow.com/community/skyscape-at-silver-creek-village/2078031107_zpid/,
16,Townhouse,1986,No Data,No Data,3 spaces,"4,356 sqft",$429,"$850,000","1370 W Quail Meadow Rd #17, Park City, UT 84098","1,980", No, 3, 3, 3,,,https://www.zillow.com/homedetails/1370-W-Quail-Meadow-Rd-17-Park-City-UT-84098/2077707518_zpid/,
17,,,,,,,,"$622,900","6708 Yarrow Ln, Park City, UT 84098",, Yes, 3, 3, 2, 1,,https://www.zillow.com/community/eclipse-at-silver-creek-village/2078500967_zpid/,
18,Single Family,1994,Forced air,No Data,3 spaces,"7,405 sqft",$352,"$849,000","4106 Rasmussen Rd, Park City, UT 84098","2,412", No, 4, 3, 2, 1,,https://www.zillow.com/homedetails/4106-Rasmussen-Rd-Park-City-UT-84098/68521596_zpid/,
19,Townhouse,1989,No Data,No Data,No Data,435 sqft,$391,"$949,000","4034 Saddleback Rd, Park City, UT 84098","2,430", No, 3,,,,,https://www.zillow.com/homedetails/4034-Saddleback-Rd-Park-City-UT-84098/2077717974_zpid/,
20,Single Family,1999,No Data,No Data,2 spaces,"2,613 sqft",$865,"$2,675,000","329 Ontario Ave, Park City, UT 84060","3,094", No, 3, 4, 3, 1,,https://www.zillow.com/homedetails/329-Ontario-Ave-Park-City-UT-84060/68853220_zpid/,
21,Single Family,2002,Forced air,"Central, Other",1 space,"1,742 sqft",$892,"$2,100,000","1202 Lowell Ave, Park City, UT 84060","2,354", No, 3, 3,,,,https://www.zillow.com/homedetails/1202-Lowell-Ave-Park-City-UT-84060/68847601_zpid/,
22,Condo,2009,Forced air,Central,1 space,,$977,"$1,750,000","2100 W Frostwood Blvd #7121, Park City, UT 84098","1,792", No, 3, 4,,,,https://www.zillow.com/homedetails/2100-W-Frostwood-Blvd-7121-Park-City-UT-84098/2077730822_zpid/,"$3,002/mo"
23,Condo,2007,"None, Other",Central,No Data,,$849,"$2,395,000","3558 N Escala Ct #354, Park City, UT 84098","2,820", No, 4, 5, 4, 1,,https://www.zillow.com/homedetails/3558-N-Escala-Ct-354-Park-City-UT-84098/2095533210_zpid/,"$4,208/mo"
24,Single Family,1999,No Data,No Data,2 spaces,"3,484 sqft",$472,"$699,000","1039 Lincoln Ln, Park City, UT 84098","1,480", No, 3, 3, 2, 1,,https://www.zillow.com/homedetails/1039-Lincoln-Ln-Park-City-UT-84098/68853251_zpid/,
25,Condo,1983,"Other, Stove, Gas",Central,No Data,,$485,"$359,000","2000 Prospector Ave #206, Park City, UT 84060",740, No, 2, 2, 2,,,https://www.zillow.com/homedetails/2000-Prospector-Ave-206-Park-City-UT-84060/68850170_zpid/,$500/mo
26,Single Family,1999,No Data,No Data,2 spaces,"4,791 sqft",$361,"$879,000","1035 Lincoln Ln #14, Park City, UT 84098","2,436", No, 3, 3, 2, 1,,https://www.zillow.com/homedetails/1035-Lincoln-Ln-14-Park-City-UT-84098/2077763679_zpid/,
27,Condo,2007,"Forced air, Heat pump, Gas",Central,1 space,,$940,"$1,545,000","8880 Empire Club Dr #109, Park City, UT 84060","1,643", No, 2, 3, 2, 1,,https://www.zillow.com/homedetails/8880-Empire-Club-Dr-109-Park-City-UT-84060/80605774_zpid/,"$1,240/mo"
28,Condo,2001,No Data,No Data,No Data,,$15,"$16,500","3000 Canyons Resort Dr #10-407, Park City, UT 84098","1,100", No, 2, 2, 2,,,https://www.zillow.com/homedetails/3000-Canyons-Resort-Dr-10-407-Park-City-UT-84098/2077775165_zpid/,$133/mo
29,Condo,1991,No Data,No Data,1 space,,$613,"$680,000","1585 Empire Ave #103, Park City, UT 84060","1,109", No, 2, 2, 2,,,https://www.zillow.com/homedetails/1585-Empire-Ave-103-Park-City-UT-84060/68851519_zpid/,$529/mo
30,Townhouse,1997,No Data,No Data,No Data,"5,227 sqft",$475,"$1,649,000","2764 Gallivan Loop #28, Park City, UT 84060","3,475", No, 4, 5, 4, 1,,https://www.zillow.com/homedetails/2764-Gallivan-Loop-28-Park-City-UT-84060/2077779413_zpid/,
31,Condo,1965,No Data,No Data,1 space,,$799,"$575,000","255 Main St #A3, Park City, UT 84060",720, No, 1, 1, 1,,,https://www.zillow.com/homedetails/255-Main-St-A3-Park-City-UT-84060/68844393_zpid/,$511/mo
32,Condo,1999,"Forced air, Gas",Central,1 space,,$722,"$429,000","3720 N Sundial Ct #B420, Park City, UT 84098",594, No, 1, 1, 1,,,https://www.zillow.com/homedetails/3720-N-Sundial-Ct-B420-Park-City-UT-84098/68847370_zpid/,$657/mo
33,Condo,2007,"Forced air, Gas",Central,1 space,,"$1,352","$2,449,000","8880 Empire Club Dr #212, Park City, UT 84060","1,812", No, 3, 4, 3, 1,,https://www.zillow.com/homedetails/8880-Empire-Club-Dr-212-Park-City-UT-84060/80608242_zpid/,"$1,153/mo"
34,Townhouse,2020,No Data,No Data,2 spaces,"1,742 sqft",$477,"$702,500","3351 Santa Fe Rd, Park City, UT 84098","1,474", Yes, 3, 3, 2, 1,,https://www.zillow.com/homedetails/3351-Santa-Fe-Rd-Park-City-UT-84098/2077796658_zpid/,
35,Townhouse,2020,No Data,No Data,2 spaces,"1,742 sqft",$477,"$702,500","3365 Santa Fe Rd, Park City, UT 84098","1,474", Yes, 3, 3, 2, 1,,https://www.zillow.com/homedetails/3365-Santa-Fe-Rd-Park-City-UT-84098/2077796659_zpid/,
36,Townhouse,2020,No Data,No Data,2 spaces,"1,742 sqft",$468,"$609,900","3363 Santa Fe Rd, Park City, UT 84098","1,303", Yes, 2, 3, 2, 1,,https://www.zillow.com/homedetails/3363-Santa-Fe-Rd-Park-City-UT-84098/2077796661_zpid/,
37,Townhouse,2020,No Data,No Data,2 spaces,"1,742 sqft",$468,"$609,900","3355 Santa Fe Rd, Park City, UT 84098","1,303", Yes, 2, 3, 2, 1,,https://www.zillow.com/homedetails/3355-Santa-Fe-Rd-Park-City-UT-84098/2077796662_zpid/,
38,Condo,2007,No Data,No Data,1 space,,"$1,852","$2,450,000","2300 Deer Valley Dr W #409, Park City, UT 84060","1,323", No, 2, 2, 2,,,https://www.zillow.com/homedetails/2300-Deer-Valley-Dr-W-409-Park-City-UT-84060/2077797707_zpid/,"$1,722/mo"
39,Single Family,2018,"Forced air, Radiant, Gas",Central,2 spaces,1.08 Acres,$696,"$3,350,000","9129 N Hidden Hill Loop, Park City, UT 84098","4,812", No, 5, 5, 4, 1,,https://www.zillow.com/homedetails/9129-N-Hidden-Hill-Loop-Park-City-UT-84098/111974912_zpid/,
40,Single Family,1996,"Forced air, Gas",Other,2 spaces,0.63 Acres,$364,"$2,795,000","2835 Solamere Dr, Park City, UT 84060","7,681", No, 7, 9, 7, 2,,https://www.zillow.com/homedetails/2835-Solamere-Dr-Park-City-UT-84060/68521747_zpid/,
41,Single Family,1978,No Data,No Data,2 spaces,0.30 Acres,$631,"$1,515,000","2804 Holiday Ranch Loop Rd, Park City, UT 84060","2,400", No, 5, 3, 3,,,https://www.zillow.com/homedetails/2804-Holiday-Ranch-Loop-Rd-Park-City-UT-84060/68844821_zpid/,
42,Condo,1985,Forced air,No Data,1 space,,$552,"$700,000","1415 Lowell Ave #265, Park City, UT 84060","1,268", No, 2, 2,,,,https://www.zillow.com/homedetails/1415-Lowell-Ave-265-Park-City-UT-84060/2077805286_zpid/,"$1,166/mo"
43,Condo,2020,"Forced air, Gas",Central,1 space,,$832,"$989,000","3751 Blackstone Dr #2H, Park City, UT 84098","1,188", Yes, 2, 3, 2, 1,,https://www.zillow.com/homedetails/3751-Blackstone-Dr-2H-Park-City-UT-84098/248267764_zpid/,$550/mo
44,Condo,1976,Forced air,No Data,1 space,,$394,"$250,000","1150 Deer Valley Dr #1028, Park City, UT 84060",634, No, 1, 1, 1,,,https://www.zillow.com/homedetails/1150-Deer-Valley-Dr-1028-Park-City-UT-84060/68844247_zpid/,$283/mo
45,Condo,2006,Forced air,Central,1 space,,$461,"$785,000","2669 Canyons Resort Dr #501, Park City, UT 84098","1,703", No, 3, 4,,,,https://www.zillow.com/homedetails/2669-Canyons-Resort-Dr-501-Park-City-UT-84098/89089924_zpid/,"$1,728/mo"
46,Condo,2009,Forced air,Central,1 space,,$899,"$1,475,000","2100 Frostwood Blvd #7104, Park City, UT 84098","1,640", No, 3, 3,,,,https://www.zillow.com/homedetails/2100-Frostwood-Blvd-7104-Park-City-UT-84098/92571027_zpid/,"$3,398/mo"
47,Townhouse,1997,"Forced air, Gas",No Data,1 space,871 sqft,$477,"$760,000","690 Deer Valley Dr UNIT 10, Park City, UT 84060","1,593", No, 2, 2, 2,,,https://www.zillow.com/homedetails/690-Deer-Valley-Dr-UNIT-10-Park-City-UT-84060/68852997_zpid/,
48,Single Family,1989,"Radiant, Gas, Wood / Pellet",Other,20 spaces,10.70 Acres,$412,"$3,500,000","8857 N Cottonwood Trl, Park City, UT 84098","8,500", No, 7, 5, 5,,,https://www.zillow.com/homedetails/8857-N-Cottonwood-Trl-Park-City-UT-84098/68848269_zpid/,
49,Townhouse,2019,No Data,No Data,2 spaces,"1,742 sqft",$411,"$730,000","8222 N Toll Creek Ln #115, Park City, UT 84098","1,778", Yes, 2, 3, 2, 1,,https://www.zillow.com/homedetails/8222-N-Toll-Creek-Ln-115-Park-City-UT-84098/2084288399_zpid/,
50,Townhouse,2006,No Data,No Data,No Data,"4,791 sqft",$545,"$3,350,000","2657 Talon Way, Park City, UT 84060","6,148", No, 5, 6, 5, 1,,https://www.zillow.com/homedetails/2657-Talon-Way-Park-City-UT-84060/89093124_zpid/,
51,Condo,2001,Gas,No Data,2 spaces,,$410,"$399,000","6785 N 2200 W #108, Park City, UT 84098",972, No, 2, 2, 2,,,https://www.zillow.com/homedetails/6785-N-2200-W-108-Park-City-UT-84098/68524202_zpid/,$459/mo
52,Single Family,2012,Forced air,Central,4 spaces,10.70 Acres,"$1,618","$12,500,000","182 White Pine Canyon Rd, Park City, UT 84060","7,724", No, 5, 6, 5, 1,,https://www.zillow.com/homedetails/182-White-Pine-Canyon-Rd-Park-City-UT-84060/111974627_zpid/,
53,Single Family,1994,No Data,No Data,2 spaces,"1,742 sqft",$738,"$1,475,000","2434 Deer Lake Dr, Park City, UT 84060","2,000", No, 4, 4, 4,,,https://www.zillow.com/homedetails/2434-Deer-Lake-Dr-Park-City-UT-84060/68852717_zpid/,
54,Single Family,2002,"None, Other",Central,4 spaces,0.70 Acres,$641,"$5,235,000","2574 Silver Cloud Ct, Park City, UT 84060","8,162", No, 6, 7, 5, 2,,https://www.zillow.com/homedetails/2574-Silver-Cloud-Ct-Park-City-UT-84060/68851495_zpid/,
55,Condo,1976,"Forced air, Gas",None,1 space,,$442,"$280,000","1150 Deer Valley Dr #1046, Park City, UT 84060",634, No, 1, 1, 1,,,https://www.zillow.com/homedetails/1150-Deer-Valley-Dr-1046-Park-City-UT-84060/68844262_zpid/,$283/mo
56,Townhouse,2004,Radiant,None,2 spaces,"1,306 sqft","$1,069","$3,750,000","8789 Marsac Ave #3, Park City, UT 84060","3,507", No, 4, 6,,,,https://www.zillow.com/homedetails/8789-Marsac-Ave-3-Park-City-UT-84060/68854983_zpid/,
57,Single Family,2020,No Data,No Data,4 spaces,3.90 Acres,"$1,099","$12,900,000","200 White Pine Canyon Rd, Park City, UT 84060","11,743", No, 6, 10, 7, 3,,https://www.zillow.com/homedetails/200-White-Pine-Canyon-Rd-Park-City-UT-84060/218329361_zpid/,
58,Single Family,1998,"Forced air, Gas",Central,3 spaces,0.30 Acres,$280,"$1,590,000","3217 Creek Rd, Park City, UT 84098","5,688", No, 7, 6,,,,https://www.zillow.com/homedetails/3217-Creek-Rd-Park-City-UT-84098/89091003_zpid/,
59,Single Family,1994,No Data,No Data,3 spaces,0.29 Acres,$523,"$1,495,000","4433 W West Sawmill Rd, Park City, UT 84098","2,861", No, 4, 3, 3,,,https://www.zillow.com/homedetails/4433-W-West-Sawmill-Rd-Park-City-UT-84098/2077900101_zpid/,
60,Single Family,1994,No Data,No Data,3 spaces,0.29 Acres,$523,"$1,495,000","4433 N West Sawmill Rd, Park City, UT 84098","2,861", No, 4, 3, 3,,,https://www.zillow.com/homedetails/4433-N-West-Sawmill-Rd-Park-City-UT-84098/68852044_zpid/,
61,Single Family,1998,"Forced air, Gas",No Data,2 spaces,0.26 Acres,$251,"$760,000","110 Woodland Pl, Park City, UT 84098","3,029", No, 3, 3, 2, 1,,https://www.zillow.com/homedetails/110-Woodland-Pl-Park-City-UT-84098/68843499_zpid/,
62,Single Family,2001,"None, Other",No Data,2 spaces,"4,356 sqft",$473,"$899,000","1056 Station Loop Rd, Park City, UT 84098","1,901", No, 4, 3, 2, 1,,https://www.zillow.com/homedetails/1056-Station-Loop-Rd-Park-City-UT-84098/68853643_zpid/,
63,Townhouse,2013,No Data,No Data,No Data,"1,306 sqft",$301,"$599,000","14155 N Council Fire Trl, Heber City, UT 84036","1,992", No, 3, 3, 2, 1,,https://www.zillow.com/homedetails/14155-N-Council-Fire-Trl-Heber-City-UT-84036/111982230_zpid/,
64,Townhouse,2013,No Data,No Data,2 spaces,"1,306 sqft",$336,"$679,000","14193 N Council Fire Trl, Heber City, UT 84036","2,018", No, 3, 3, 2, 1,,https://www.zillow.com/homedetails/14193-N-Council-Fire-Trl-Heber-City-UT-84036/111982201_zpid/,
65,Townhouse,1994,"Forced air, Gas",Central,2 spaces,"1,500 sqft",$738,"$1,475,000","2434 Deer Lake Drive, Park City, UT 84060","2,000", No, 4, 4, 4,,,https://www.zillow.com/homedetails/2434-Deer-Lake-Drive-Park-City-UT-84060/2146815223_zpid/,
66,Condo,2007,No Data,No Data,2 spaces,,$852,"$2,049,000","3558 N Escala Ct #451, Park City, UT 84098","2,405", No, 3, 4, 4,,,https://www.zillow.com/homedetails/3558-N-Escala-Ct-451-Park-City-UT-84098/2077921060_zpid/,"$3,909/mo"
67,Townhouse,2002,"Forced air, Gas",Other,1 space,"1,026 sqft",$456,"$475,000","1705 Fox Hollow Ln APT C, Park City, UT 84098","1,042", No, 2, 2, 2,,,https://www.zillow.com/homedetails/1705-Fox-Hollow-Ln-APT-C-Park-City-UT-84098/68842569_zpid/,
68,Single Family,2007,No Data,No Data,3 spaces,0.80 Acres,"$1,022","$9,450,000","10153 N Summit View Dr, Heber City, UT 84060","9,244", No, 6, 9, 6, 3,,https://www.zillow.com/homedetails/10153-N-Summit-View-Dr-Heber-City-UT-84060/245822897_zpid/,
69,Single Family,2010,No Data,No Data,No Data,0.89 Acres,$554,"$4,950,000","110 Hidden Oaks Ln, Park City, UT 84060","8,943", No, 5, 5, 5,,,https://www.zillow.com/homedetails/110-Hidden-Oaks-Ln-Park-City-UT-84060/2140213525_zpid/,
70,Single Family,1996,"Forced air, Gas",Central,6 spaces,1.02 Acres,$392,"$1,295,000","6282 N Old Ranch Rd, Park City, UT 84098","3,300", No, 4, 4, 3, 1,,https://www.zillow.com/homedetails/6282-N-Old-Ranch-Rd-Park-City-UT-84098/68848188_zpid/,
71,Condo,1999,No Data,No Data,1 space,,$740,"$829,000","3720 N Sundial Ct #B203, Park City, UT 84098","1,121", No, 2, 2, 2,,,https://www.zillow.com/homedetails/3720-N-Sundial-Ct-B203-Park-City-UT-84098/68842328_zpid/,"$1,143/mo"
72,Single Family,2018,"Forced air, Radiant, Gas",Central,4 spaces,0.50 Acres,$903,"$7,900,000","10738 Summit View Dr, Park City, UT 84060","8,747", No, 6, 11,,,,https://www.zillow.com/homedetails/10738-Summit-View-Dr-Park-City-UT-84060/2144426779_zpid/,
73,Townhouse,1983,No Data,No Data,No Data,"2,430 sqft",$286,"$700,000","1403 Quail Meadow Rd APT 12, Park City, UT 84098","2,450", No, 3, 3, 2, 1,,https://www.zillow.com/homedetails/1403-Quail-Meadow-Rd-APT-12-Park-City-UT-84098/68849756_zpid/,
74,Condo,2009,"None, Other",No Data,2 spaces,,$796,"$589,999","2100 Frostwood Blvd #5124, Coalville, UT 84098",741, No, 1, 2, 1, 1,,https://www.zillow.com/homedetails/2100-Frostwood-Blvd-5124-Coalville-UT-84098/92569717_zpid/,"$1,819/mo"
75,Condo,2009,No Data,No Data,No Data,,$796,"$589,999","2100 Frostwood Dr #5124, Park City, UT 84098",741, No, 1, 2, 1, 1,,https://www.zillow.com/homedetails/2100-Frostwood-Dr-5124-Park-City-UT-84098/2077959691_zpid/,$606/mo
76,Condo,2007,No Data,No Data,No Data,,$717,"$850,000","3540 N Escala Ct, Park City, UT 84098","1,185", No, 2, 2, 2,,,https://www.zillow.com/homedetails/3540-N-Escala-Ct-Park-City-UT-84098/2122283684_zpid/,"$2,079/mo"
77,Condo,2015,No Data,No Data,1 space,,$298,"$440,000","14311 N Buck Horn Trl, Kamas, UT 84036","1,477", No, 3, 2, 2,,,https://www.zillow.com/homedetails/14311-N-Buck-Horn-Trl-Kamas-UT-84036/111982433_zpid/,$435/mo
78,Condo,2015,No Data,No Data,1 space,,$298,"$440,000","14311 N Buck Horn Trl #42F, Kamas, UT 84036","1,477", No, 3, 2, 2,,,https://www.zillow.com/homedetails/14311-N-Buck-Horn-Trl-42F-Kamas-UT-84036/111982434_zpid/,$435/mo
79,Condo,1978,Wall,None,No Data,,$816,"$795,000","401 Silver King Dr #51, Park City, UT 84060",974, No, 2, 2,,,,https://www.zillow.com/homedetails/401-Silver-King-Dr-51-Park-City-UT-84060/2077977953_zpid/,$626/mo
80,,,,,,,,"$717,900","6705 Serviceberry Dr, Park City, UT 84098",, Yes, 3, 3, 2, 1,,https://www.zillow.com/community/eclipse-at-silver-creek-village/251535821_zpid/,
81,,,,,,,,"$660,900","6713 Serviceberry Dr, Park City, UT 84098",, Yes, 3, 3, 2, 1,,https://www.zillow.com/community/eclipse-at-silver-creek-village/251535820_zpid/,
82,Townhouse,1983,"Forced air, Gas",None,2 spaces,"1,752 sqft",$281,"$529,000","8051 N Wildflower Dr APT 43, Park City, UT 84098","1,880", No, 4, 4, 3, 1,,https://www.zillow.com/homedetails/8051-N-Wildflower-Dr-APT-43-Park-City-UT-84098/68522546_zpid/,
83,Single Family,1992,"Baseboard, Gas",Wall,2 spaces,"3,920 sqft",$722,"$2,495,000","1014 Empire Ave, Park City, UT 84060","3,456", No, 8, 7, 7,,,https://www.zillow.com/homedetails/1014-Empire-Ave-Park-City-UT-84060/68851238_zpid/,
84,Condo,2017,"Forced air, Gas",Central,1 space,,"$1,625","$4,795,000","8910 Empire Club Dr #405, Park City, UT 84060","2,950", No, 4, 4, 4,,,https://www.zillow.com/homedetails/8910-Empire-Club-Dr-405-Park-City-UT-84060/244246918_zpid/,"$2,494/mo"
85,Condo,2010,"Forced air, Radiant, Gas",Central,1 space,,"$1,844","$4,150,000","9100 Marsac Ave #1083, Park City, UT 84060","2,251", No, 3, 4,,,,https://www.zillow.com/homedetails/9100-Marsac-Ave-1083-Park-City-UT-84060/92569965_zpid/,"$2,385/mo"
86,Condo,1999,Gas,Central,1 space,,$813,"$675,000","3720 N Sundial Ct #C401, Park City, UT 84098",830, No, 2, 2, 2,,,https://www.zillow.com/homedetails/3720-N-Sundial-Ct-C401-Park-City-UT-84098/68524055_zpid/,$932/mo
87,,,,,,,,"$534,900","1317 Daylily Ln, Park City, UT 84098",, Yes, 3, 3, 2, 1,,https://www.zillow.com/community/skyscape-at-silver-creek-village/251535840_zpid/,
88,,,,,,,,"$534,900","1313 Daylily Ln, Park City, UT 84098",, Yes, 3, 3, 2, 1,,https://www.zillow.com/community/skyscape-at-silver-creek-village/251535829_zpid/,
89,Single Family,2020,"Forced air, Gas",None,No Data,0.34 Acres,$811,"$2,999,000","2192 Sunset Ct, Park City, UT 84060","3,699", Yes, 4, 5, 4, 1,,https://www.zillow.com/homedetails/2192-Sunset-Ct-Park-City-UT-84060/68840089_zpid/,
90,Single Family,2019,Forced air,No Data,No Data,5.70 Acres,"$1,029","$16,300,000","216 White Pine Canyon Rd, Park City, UT 84060","15,834", No, 8, 10, 8, 2,,https://www.zillow.com/homedetails/216-White-Pine-Canyon-Rd-Park-City-UT-84060/111975014_zpid/,
91,Single Family,2020,No Data,No Data,4 spaces,5.76 Acres,"$1,123","$16,500,000","256 White Pine Ct, Park City, UT 84060","14,695", Yes, 7, 11, 7, 4,,https://www.zillow.com/homedetails/256-White-Pine-Ct-Park-City-UT-84060/2078069611_zpid/,
92,Condo,2009,No Data,No Data,No Data,,$625,"$899,000","2100 W Frostwood Blvd #6112, Park City, UT 84098","1,439", No, 2, 3, 3,,,https://www.zillow.com/homedetails/2100-W-Frostwood-Blvd-6112-Park-City-UT-84098/2078071302_zpid/,"$2,981/mo"
93,Single Family,2006,"None, Forced air, Radiant",Central,18 spaces,5.53 Acres,$575,"$16,000,000","69 White Pine Canyon Rd, Park City, UT 84060","27,848", No, 14, 21,,,,https://www.zillow.com/homedetails/69-White-Pine-Canyon-Rd-Park-City-UT-84060/68524014_zpid/,
94,Condo,2009,Forced air,Central,1 space,,$625,"$899,000","2100 Frostwood Dr #6112 & 611, Park City, UT 84098","1,439", Yes, 2, 3,,,,https://www.zillow.com/homedetails/2100-Frostwood-Dr-6112-611-Park-City-UT-84098/2078071986_zpid/,"$2,981/mo"
95,Single Family,2004,No Data,No Data,3 spaces,0.60 Acres,"$1,393","$14,500,000","4 Hawkeye Pl, Park City, UT 84060","10,409", No, 6, 9, 7, 2,,https://www.zillow.com/homedetails/4-Hawkeye-Pl-Park-City-UT-84060/68522024_zpid/,
96,Condo,1983,"Baseboard, Gas",Central,1 space,,$782,"$279,000","1385 Lowell Ave #221, Park City, UT 84060",357, No, 0, 1, 1,,,https://www.zillow.com/homedetails/1385-Lowell-Ave-221-Park-City-UT-84060/68849928_zpid/,$422/mo
97,Single Family,1992,"Forced air, Gas",Central,No Data,"1,055 Acres",$833,"$4,000,000","14 W Westwood Rd, Park City, UT 84098","4,800", No, 4, 4, 4,,,https://www.zillow.com/homedetails/14-W-Westwood-Rd-Park-City-UT-84098/68848268_zpid/,
98,Condo,2007,No Data,No Data,No Data,,$391,"$586,500","2653 W Canyons Resort Dr UNIT 323, Park City, UT 84098","1,499", No, 2, 3, 3,,,https://www.zillow.com/homedetails/2653-W-Canyons-Resort-Dr-UNIT-323-Park-City-UT-84098/2078090414_zpid/,"$1,521/mo"
99,Single Family,1999,No Data,No Data,2 spaces,"4,791 sqft",$364,"$879,000","1035 Lincoln Ln, Park City, UT 84098","2,414", No, 3, 2, 1, 1,,https://www.zillow.com/homedetails/1035-Lincoln-Ln-Park-City-UT-84098/68853253_zpid/,
100,Single Family,No Data,No Data,No Data,2 spaces,"6,534 sqft",$256,"$823,182","6792 Woods Rose Dr #78, Park City, UT 84098","3,215", Yes, 3, 3, 2, 1,,https://www.zillow.com/homedetails/6792-Woods-Rose-Dr-78-Park-City-UT-84098/2078105616_zpid/,
101,Single Family,2004,No Data,No Data,4 spaces,0.73 Acres,$604,"$3,998,000","31 Ashley Ct, Park City, UT 84060","6,621", No, 5, 8, 5, 3,,https://www.zillow.com/homedetails/31-Ashley-Ct-Park-City-UT-84060/68851037_zpid/,
102,Single Family,2001,No Data,No Data,3 spaces,2.87 Acres,$362,"$1,750,000","4204 W Moose Hollow Rd, Park City, UT 84098","4,832", No, 5, 5, 4, 1,,https://www.zillow.com/homedetails/4204-W-Moose-Hollow-Rd-Park-City-UT-84098/68846892_zpid/,
103,Single Family,2013,"Other, Radiant, Gas, Other",No Data,1 space,"2,178 sqft","$1,503","$3,190,000","505 Park Ave, Park City, UT 84060","2,122", No, 3, 4, 3, 1,,https://www.zillow.com/homedetails/505-Park-Ave-Park-City-UT-84060/68839858_zpid/,
104,Single Family,2017,No Data,No Data,3 spaces,1.44 Acres,$470,"$2,295,000","6812 N Rae Cir, Park City, UT 84098","4,883", No, 5, 4, 4,,,https://www.zillow.com/homedetails/6812-N-Rae-Cir-Park-City-UT-84098/119545793_zpid/,
105,Single Family,No Data,No Data,No Data,2 spaces,"5,662 sqft",$225,"$724,750","1394 Sumac Circle Dr #74, Park City, UT 84098","3,224", Yes, 3, 2, 2,,,https://www.zillow.com/homedetails/1394-Sumac-Circle-Dr-74-Park-City-UT-84098/2078142217_zpid/,
106,Single Family,1994,"None, Other",Central,2 spaces,0.32 Acres,$260,"$1,399,000","8911 N Sackett Dr, Park City, UT 84098","5,373", No, 6, 5, 4, 1,,https://www.zillow.com/homedetails/8911-N-Sackett-Dr-Park-City-UT-84098/68523362_zpid/,
107,Condo,2009,No Data,No Data,2 spaces,,$889,"$2,499,000","3551 N Escala Ct #423, Park City, UT 84098","2,810", No, 4, 5, 4, 1,,https://www.zillow.com/homedetails/3551-N-Escala-Ct-423-Park-City-UT-84098/2078145391_zpid/,"$4,208/mo"
108,Single Family,1930,"Forced air, Gas",Central,No Data,"3,920 sqft",$997,"$875,000","64 Chambers Ave, Park City, UT 84060",878, No, 2, 2, 2,,,https://www.zillow.com/homedetails/64-Chambers-Ave-Park-City-UT-84060/68842667_zpid/,
109,Single Family,2003,No Data,No Data,3 spaces,0.33 Acres,$623,"$3,300,000","2540 Larkspur Dr, Park City, UT 84060","5,294", No, 4, 5, 4, 1,,https://www.zillow.com/homedetails/2540-Larkspur-Dr-Park-City-UT-84060/68846480_zpid/,
110,Single Family,2011,"Forced air, Gas",No Data,2 spaces,"10,454 sqft",$330,"$689,000","320 Aspen Dr, Park City, UT 84098","2,091", No, 3, 0,,,,https://www.zillow.com/homedetails/320-Aspen-Dr-Park-City-UT-84098/97860665_zpid/,
111,Townhouse,1999,No Data,No Data,2 spaces,"3,484 sqft",$470,"$1,450,000","2144 Euston Dr #29, Park City, UT 84060","3,088", No, 4, 3, 3,,,https://www.zillow.com/homedetails/2144-Euston-Dr-29-Park-City-UT-84060/2078159464_zpid/,
112,Single Family,1899,No Data,No Data,2 spaces,"3,920 sqft",$813,"$3,200,000","402 Park Ave, Park City, UT 84060","3,938", No, 4, 4, 3, 1,,https://www.zillow.com/homedetails/402-Park-Ave-Park-City-UT-84060/68843874_zpid/,
113,Single Family,1994,No Data,No Data,No Data,0.40 Acres,$355,"$1,295,000","8780 Saddleback Rd, Park City, UT 84098","3,650", No, 6, 4, 3, 1,,https://www.zillow.com/homedetails/8780-Saddleback-Rd-Park-City-UT-84098/68846973_zpid/,
114,Single Family,1991,"Forced air, Gas",Central,2 spaces,"3,049 sqft",$806,"$2,295,000","243 Ontario Ave, Park City, UT 84060","2,848", No, 3, 4, 3, 1,,https://www.zillow.com/homedetails/243-Ontario-Ave-Park-City-UT-84060/68850077_zpid/,
115,Condo,2007,"None, Other",Central,No Data,,$787,"$535,000","3558 N Escala Ct #242, Park City, UT 84098",680, No, 1, 1, 1,,,https://www.zillow.com/homedetails/3558-N-Escala-Ct-242-Park-City-UT-84098/2125710521_zpid/,"$1,018/mo"
116,Single Family,No Data,No Data,No Data,2 spaces,"4,356 sqft",$223,"$655,990","1268 Coneflower Way #13, Park City, UT 84098","2,944", Yes, 3, 3, 2, 1,,https://www.zillow.com/homedetails/1268-Coneflower-Way-13-Park-City-UT-84098/2078193845_zpid/,
117,Condo,2000,No Data,No Data,1 space,,$576,"$550,000","3855 N Grand Summit Dr #123/25, Park City, UT 84098",955, No, 1, 2, 2,,,https://www.zillow.com/homedetails/3855-N-Grand-Summit-Dr-123-25-Park-City-UT-84098/2078212440_zpid/,"$1,456/mo"
118,Condo,2000,No Data,No Data,1 space,,$576,"$550,000","3855 N Grand Summit Dr #123, Park City, UT 84098",955, No, 1, 2, 2,,,https://www.zillow.com/homedetails/3855-N-Grand-Summit-Dr-123-Park-City-UT-84098/2078214686_zpid/,"$1,456/mo"
119,Condo,1985,No Data,No Data,1 space,,$725,"$699,000","1415 Lowell Ave #266, Park City, UT 84060",964, No, 2, 2, 2,,,https://www.zillow.com/homedetails/1415-Lowell-Ave-266-Park-City-UT-84060/2078235102_zpid/,"$1,066/mo"
120,Condo,1965,"Forced air, Gas",Central,No Data,,"$1,054","$369,000","250 Park Ave #B42, Park City, UT 84060",350, No, 0, 1, 1,,,https://www.zillow.com/homedetails/250-Park-Ave-B42-Park-City-UT-84060/68844410_zpid/,$191/mo
121,Condo,1985,No Data,No Data,1 space,,$746,"$719,000","1415 Lowell Ave #255, Park City, UT 84060",964, No, 2, 2, 2,,,https://www.zillow.com/homedetails/1415-Lowell-Ave-255-Park-City-UT-84060/2078235095_zpid/,"$1,066/mo"
122,Condo,2007,No Data,No Data,1 space,,"$1,157","$2,178,000","8880 Empire Club Dr #312, Park City, UT 84060","1,882", No, 3, 4, 3, 1,,https://www.zillow.com/homedetails/8880-Empire-Club-Dr-312-Park-City-UT-84060/80609093_zpid/,"$1,294/mo"
123,Condo,2008,No Data,No Data,1 space,,$717,"$900,000","3551 N Escala Ct #318, Park City, UT 84098","1,255", No, 2, 2, 2,,,https://www.zillow.com/homedetails/3551-N-Escala-Ct-318-Park-City-UT-84098/2078241235_zpid/,"$1,720/mo"
124,Single Family,2009,Radiant,None,4 spaces,4.60 Acres,"$1,078","$6,500,000","4896 N Old Meadow Ln, Park City, UT 84098","6,030", No, 5, 5,,,,https://www.zillow.com/homedetails/4896-N-Old-Meadow-Ln-Park-City-UT-84098/2078243163_zpid/,
125,Single Family,1998,"Forced air, Gas",Central,3 spaces,0.36 Acres,$215,"$1,495,000","9080 N Jeremy Rd, Park City, UT 84098","6,966", No, 5, 7,,,,https://www.zillow.com/homedetails/9080-N-Jeremy-Rd-Park-City-UT-84098/68522380_zpid/,
126,Townhouse,2004,No Data,No Data,2 spaces,"1,742 sqft","$1,089","$4,195,000","8789 Marsac Ave #D15, Park City, UT 84060","3,852", No, 4, 7, 4, 3,,https://www.zillow.com/homedetails/8789-Marsac-Ave-D15-Park-City-UT-84060/68842628_zpid/,
127,Condo,1985,No Data,No Data,1 space,,$713,"$749,000","1415 Lowell Ave #142, Park City, UT 84060","1,050", No, 2, 2, 2,,,https://www.zillow.com/homedetails/1415-Lowell-Ave-142-Park-City-UT-84060/2078258059_zpid/,"$1,166/mo"
128,Townhouse,2004,"None, Other",Central,2 spaces,No Data,"$1,089","$4,195,000","8789 Marsac Ave #15, Park City, UT 84060","3,852", No, 4, 7, 4, 3,,https://www.zillow.com/homedetails/8789-Marsac-Ave-15-Park-City-UT-84060/2102068097_zpid/,
129,Condo,1983,"Baseboard, Electric",No Data,No Data,,$732,"$739,000","1385 Lowell Ave #202, Park City, UT 84060","1,010", No, 2, 3, 3,,,https://www.zillow.com/homedetails/1385-Lowell-Ave-202-Park-City-UT-84060/68849913_zpid/,
130,Condo,No Data,No Data,No Data,No Data,,"$1,440","$3,745,000","7677 Village Way #306, Park City, UT 84060","2,600", Yes, 3, 4, 3, 1,,https://www.zillow.com/homedetails/7677-Village-Way-306-Park-City-UT-84060/2078310164_zpid/,"$2,279/mo"
131,Condo,2007,"Forced air, Radiant, Gas",Central,1 space,,$912,"$1,895,000","8777 Marsac Ave #401, Park City, UT 84060","2,078", No, 3, 4, 3, 1,,https://www.zillow.com/homedetails/8777-Marsac-Ave-401-Park-City-UT-84060/80611450_zpid/,"$1,938/mo"
132,Single Family,1978,"Forced air, Gas",None,2 spaces,0.38 Acres,$585,"$1,880,000","2814 Holiday Ranch Loop Rd, Park City, UT 84060","3,216", No, 4, 3, 3,,,https://www.zillow.com/homedetails/2814-Holiday-Ranch-Loop-Rd-Park-City-UT-84060/68844837_zpid/,
133,Condo,2007,No Data,No Data,2 spaces,,$394,"$495,000","2653 Canyons Resort Dr #122-A/B, Park City, UT 84098","1,257", No, 2, 3, 3,,,https://www.zillow.com/homedetails/2653-Canyons-Resort-Dr-122-A-B-Park-City-UT-84098/2078333036_zpid/,"$1,113/mo"
134,Condo,1964,"None, Heat pump",No Data,1 space,,$625,"$450,000","255 Main St #A22, Park City, UT 84060",720, No, 1, 1, 1,,,https://www.zillow.com/homedetails/255-Main-St-A22-Park-City-UT-84060/68844387_zpid/,$511/mo
135,Single Family,2008,"Radiant, Gas","Central, Other",3 spaces,"1,742 sqft",$901,"$1,800,000","1196 Empire Ave, Park City, UT 84060","1,997", No, 3, 3, 2, 1,,https://www.zillow.com/homedetails/1196-Empire-Ave-Park-City-UT-84060/89088577_zpid/,
136,Condo,1980,No Data,No Data,1 space,,$710,"$629,000","950 Park Ave #111, Park City, UT 84060",886, No, 1, 1, 1,,,https://www.zillow.com/homedetails/950-Park-Ave-111-Park-City-UT-84060/68848944_zpid/,$538/mo
137,Condo,2009,No Data,No Data,No Data,,"$1,590","$3,150,000","2300 Deer Valley Dr E #101, Park City, UT 84060","1,981", No, 3, 4, 3, 1,,https://www.zillow.com/homedetails/2300-Deer-Valley-Dr-E-101-Park-City-UT-84060/2078364349_zpid/,"$2,494/mo"
138,Condo,2020,"Forced air, Radiant, Gas",Central,2 spaces,,$800,"$949,900","3751 Blackstone Dr #2F, Park City, UT 84098","1,188", No, 2, 3, 2, 1,,https://www.zillow.com/homedetails/3751-Blackstone-Dr-2F-Park-City-UT-84098/248267748_zpid/,$550/mo
139,Condo,No Data,No Data,No Data,1 space,,"$1,422","$3,995,000","7677 Village Way #102, Park City, UT 84060","2,810", Yes, 4, 4, 4,,,https://www.zillow.com/homedetails/7677-Village-Way-102-Park-City-UT-84060/2078434949_zpid/,"$2,409/mo"
140,Condo,No Data,No Data,No Data,1 space,,"$1,441","$2,345,000","7677 Village Way #301, Park City, UT 84060","1,627", Yes, 2, 2, 2,,,https://www.zillow.com/homedetails/7677-Village-Way-301-Park-City-UT-84060/2078435073_zpid/,"$1,407/mo"
141,Condo,No Data,No Data,No Data,1 space,,"$1,276","$2,595,000","7677 Village Way #204, Park City, UT 84060","2,033", Yes, 3, 3, 3,,,https://www.zillow.com/homedetails/7677-Village-Way-204-Park-City-UT-84060/2078435166_zpid/,"$1,770/mo"
142,Single Family,2001,"Forced air, Radiant, Gas",Central,6 spaces,4.63 Acres,$797,"$14,900,000","72 White Pine Canyon Rd, Park City, UT 84060","18,695", No, 9, 14,,,,https://www.zillow.com/homedetails/72-White-Pine-Canyon-Rd-Park-City-UT-84060/68853725_zpid/,
143,Condo,2015,"Forced air, Gas",Central,1 space,,$476,"$585,000","6169 Park Ln S #21, Park City, UT 84098","1,228", No, 2, 2, 2,,,https://www.zillow.com/homedetails/6169-Park-Ln-S-21-Park-City-UT-84098/122183490_zpid/,$424/mo
144,Single Family,2017,"Forced air, Radiant",Central,8 spaces,12.48 Acres,"$1,750","$16,500,000","481 W Old Ranch Rd, Park City, UT 84098","9,431", No, 5, 8,,,,https://www.zillow.com/homedetails/481-W-Old-Ranch-Rd-Park-City-UT-84098/2078454238_zpid/,
145,Condo,2001,No Data,No Data,No Data,,$423,"$374,900","6785 N 2200 W APT A104, Park City, UT 84098",886, No, 2, 2, 2,,,https://www.zillow.com/homedetails/6785-N-2200-W-APT-A104-Park-City-UT-84098/2078454433_zpid/,$420/mo
146,Condo,2020,No Data,No Data,No Data,,$167,"$600,000","4554 Forestdale Dr #E-29, Park City, UT 84098","3,600", Yes, 0, 0,,,,https://www.zillow.com/homedetails/4554-Forestdale-Dr-E-29-Park-City-UT-84098/2078459274_zpid/,$180/mo
147,Condo,1999,No Data,No Data,1 space,,$680,"$650,000","3720 N Sundial Ct #C109, Park City, UT 84098",956, No, 2, 2, 2,,,https://www.zillow.com/homedetails/3720-N-Sundial-Ct-C109-Park-City-UT-84098/68522824_zpid/,"$1,094/mo"
148,Single Family,2000,"Forced air, Gas",Other,2 spaces,"3,049 sqft","$1,078","$2,850,000","915 Norfolk Ave, Park City, UT 84060","2,643", No, 5, 5, 3, 2,,https://www.zillow.com/homedetails/915-Norfolk-Ave-Park-City-UT-84060/68853961_zpid/,
149,Single Family,1990,No Data,No Data,2 spaces,2.55 Acres,$391,"$1,450,000","7731 Silver Creek Rd #279, Park City, UT 84098","3,710", No, 4, 3, 2, 1,,https://www.zillow.com/homedetails/7731-Silver-Creek-Rd-279-Park-City-UT-84098/2078529536_zpid/,
150,Townhouse,2002,No Data,No Data,1 space,"1,054 sqft",$588,"$620,000","3995 N Timber Wolf Ln #1A, Park City, UT 84098","1,054", No, 2, 3, 2, 1,,https://www.zillow.com/homedetails/3995-N-Timber-Wolf-Ln-1A-Park-City-UT-84098/68524022_zpid/,
151,Single Family,1990,Forced air,None,2 spaces,2.55 Acres,$391,"$1,450,000","7731 N Silver Creek Rd, Park City, UT 84098","3,710", No, 4, 3,,,,https://www.zillow.com/homedetails/7731-N-Silver-Creek-Rd-Park-City-UT-84098/68847963_zpid/,
152,Townhouse,2020,No Data,No Data,2 spaces,No Data,$693,"$985,000","4134 Cooper Ln #20, Park City, UT 84098","1,421", Yes, 2, 3, 2, 1,,https://www.zillow.com/homedetails/4134-Cooper-Ln-20-Park-City-UT-84098/2078601723_zpid/,
153,Single Family,2006,No Data,No Data,5 spaces,12.79 Acres,$568,"$2,425,000","1411 E Crescent Dr N, Park City, UT 84098","4,271", No, 4, 3, 3,,,https://www.zillow.com/homedetails/1411-E-Crescent-Dr-N-Park-City-UT-84098/2078605352_zpid/,
154,Single Family,1980,No Data,No Data,2 spaces,0.30 Acres,$309,"$1,200,000","420 Woodland Dr, Park City, UT 84098","3,886", No, 4, 5, 3, 2,,https://www.zillow.com/homedetails/420-Woodland-Dr-Park-City-UT-84098/68843492_zpid/,
155,Single Family,2006,"Radiant, Gas",None,5 spaces,12.79 Acres,$568,"$2,425,000","1411 Crescent Dr N, Park City, UT 84098","4,271", No, 4, 3,,,,https://www.zillow.com/homedetails/1411-Crescent-Dr-N-Park-City-UT-84098/89089029_zpid/,
156,Townhouse,2006,Forced air,Central,2 spaces,"1,742 sqft","$1,095","$3,950,000","22 Banner Ct #7, Park City, UT 84060","3,607", No, 4, 5,,,,https://www.zillow.com/homedetails/22-Banner-Ct-7-Park-City-UT-84060/89088484_zpid/,
157,Condo,2010,"Forced air, Radiant, Gas",No Data,1 space,,"$1,886","$4,150,000","9100 Marsac Ave #1042, Park City, UT 84060","2,201", No, 3, 3, 3,,,https://www.zillow.com/homedetails/9100-Marsac-Ave-1042-Park-City-UT-84060/92571524_zpid/,"$2,331/mo"
158,Condo,1978,"Forced air, Other, Electric",Central,1 space,,$537,"$185,777","2235 Sidewinder Dr #431, Park City, UT 84060",346, No, 0, 1, 1,,,https://www.zillow.com/homedetails/2235-Sidewinder-Dr-431-Park-City-UT-84060/68840250_zpid/,$505/mo
159,Condo,1973,No Data,No Data,1 space,,$318,"$329,000","1900 Homestake Rd #B-20, Park City, UT 84060","1,034", No, 2, 1, 1,,,https://www.zillow.com/homedetails/1900-Homestake-Rd-B-20-Park-City-UT-84060/2078663481_zpid/,$359/mo
160,Multiple Occupancy,1985,No Data,No Data,2 spaces,,$777,"$4,000,000","236 & 238 Norfolk Ave, Park City, UT 84060","5,150", No, 8, 8,,,,https://www.zillow.com/homedetails/236-238-Norfolk-Ave-Park-City-UT-84060/2078685034_zpid/,
161,Condo,1973,Forced air,None,No Data,,$363,"$345,000","1900 Homestake Rd #37, Park City, UT 84060",950, No, 2, 1,,,,https://www.zillow.com/homedetails/1900-Homestake-Rd-37-Park-City-UT-84060/68839642_zpid/,$365/mo
162,Condo,2004,No Data,No Data,1 space,,$623,"$669,900","2550 Deer Valley Dr E #101, Park City, UT 84060","1,075", No, 1, 2, 2,,,https://www.zillow.com/homedetails/2550-Deer-Valley-Dr-E-101-Park-City-UT-84060/2078705641_zpid/,$740/mo
163,Single Family,1993,"Forced air, Radiant, Gas","Central, Other",3 spaces,"1,742 sqft","$1,090","$2,345,000","205 Park Ave, Park City, UT 84060","2,152", No, 3, 3, 3,,,https://www.zillow.com/homedetails/205-Park-Ave-Park-City-UT-84060/68522206_zpid/,
164,Condo,1999,No Data,No Data,1 space,,$731,"$445,000","3720 N Sundial Ct #C103, Park City, UT 84098",609, No, 1, 1, 1,,,https://www.zillow.com/homedetails/3720-N-Sundial-Ct-C103-Park-City-UT-84098/68522821_zpid/,$669/mo
165,Condo,1983,"Baseboard, Electric",No Data,1 space,,$460,"$469,900","1401 Woodside Ave #203, Park City, UT 84060","1,021", No, 1, 2, 2,,,https://www.zillow.com/homedetails/1401-Woodside-Ave-203-Park-City-UT-84060/68850146_zpid/,$516/mo
166,Condo,2009,Radiant,Central,No Data,,$650,"$899,000","2100 Frostwood Blvd #5160, Park City, UT 84098","1,384", No, 2, 3,,,,https://www.zillow.com/homedetails/2100-Frostwood-Blvd-5160-Park-City-UT-84098/92569677_zpid/,"$2,306/mo"
167,Single Family,1992,Radiant,No Data,2 spaces,0.50 Acres,"$1,089","$8,250,000","322 Centennial Cir, Park City, UT 84060","7,578", No, 5, 7,,,,https://www.zillow.com/homedetails/322-Centennial-Cir-Park-City-UT-84060/68849054_zpid/,
168,Condo,2000,"Forced air, Gas",Central,1 space,,$645,"$450,000","3855 Grand Summit Dr #346, Park City, UT 84098",698, No, 1, 1, 1,,,https://www.zillow.com/homedetails/3855-Grand-Summit-Dr-346-Park-City-UT-84098/68524066_zpid/,$946/mo
169,Townhouse,2005,"Forced air, Gas",Central,2 spaces,435 sqft,$549,"$698,000","6296 Park Ln N #15, Park City, UT 84098","1,272", No, 2, 3, 3,,,https://www.zillow.com/homedetails/6296-Park-Ln-N-15-Park-City-UT-84098/68842642_zpid/,
170,Condo,2007,No Data,No Data,No Data,,$592,"$1,199,000","3540 Escala Ct #225, Park City, UT 84098","2,026", No, 3, 3, 3,,,https://www.zillow.com/homedetails/3540-Escala-Ct-225-Park-City-UT-84098/89093116_zpid/,"$3,293/mo"
171,Condo,2007,No Data,No Data,No Data,,$592,"$1,199,000","3540 N Escala Ct UNIT 225, Park City, UT 84098","2,026", No, 3, 3, 3,,,https://www.zillow.com/homedetails/3540-N-Escala-Ct-UNIT-225-Park-City-UT-84098/2078808614_zpid/,"$3,293/mo"
172,Townhouse,1981,No Data,No Data,1 space,"1,306 sqft",$659,"$1,795,000","7210 Little Belle Ct #15, Park City, UT 84060","2,724", No, 6, 5, 5,,,https://www.zillow.com/homedetails/7210-Little-Belle-Ct-15-Park-City-UT-84060/2078835151_zpid/,
173,Condo,2009,Forced air,"Central, Evaporative",1 space,,$692,"$849,000","2100 Frostwood Dr #5171, Park City, UT 84098","1,226", No, 2, 2,,,,https://www.zillow.com/homedetails/2100-Frostwood-Dr-5171-Park-City-UT-84098/2078838827_zpid/,"$2,540/mo"
174,Condo,2003,No Data,No Data,2 spaces,,$939,"$495,000","2001 Park Ave #319, Park City, UT 84060",527, No, 0, 1, 1,,,https://www.zillow.com/homedetails/2001-Park-Ave-319-Park-City-UT-84060/68524323_zpid/,$850/mo
175,Townhouse,1971,"Forced air, Radiant",Central,2 spaces,435 sqft,$697,"$1,950,000","1540 Three Kings Dr APT 59, Park City, UT 84060","2,797", No, 3, 4,,,,https://www.zillow.com/homedetails/1540-Three-Kings-Dr-APT-59-Park-City-UT-84060/68839997_zpid/,
176,Condo,1994,"Forced air, Gas",No Data,1 space,,$898,"$1,998,000","2100 Deer Valley Dr S #501, Park City, UT 84060","2,224", No, 3, 4, 3, 1,,https://www.zillow.com/homedetails/2100-Deer-Valley-Dr-S-501-Park-City-UT-84060/68846846_zpid/,"$1,553/mo"
177,Condo,2009,No Data,No Data,1 space,,"$1,205","$399,000","2100 W Frostwood Blvd #5130, Park City, UT 84098",331, No, 0, 1, 1,,,https://www.zillow.com/homedetails/2100-W-Frostwood-Blvd-5130-Park-City-UT-84098/2078869151_zpid/,$558/mo
178,Condo,1978,No Data,No Data,1 space,,$599,"$559,000","401 Silver King Dr #1, Coalville, UT 84060",934, No, 1, 1, 1,,,https://www.zillow.com/homedetails/401-Silver-King-Dr-1-Coalville-UT-84060/68844554_zpid/,$600/mo
179,Single Family,2006,"Forced air, Radiant",Central,4 spaces,3.79 Acres,$827,"$10,200,000","7971 N Westhills Trl, Park City, UT 84098","12,340", No, 6, 10,,,,https://www.zillow.com/homedetails/7971-N-Westhills-Trl-Park-City-UT-84098/89084593_zpid/,
180,Single Family,2014,No Data,No Data,3 spaces,4.30 Acres,"$1,288","$14,400,000","143 White Pine Canyon Rd, Park City, UT 84060","11,184", No, 7, 9, 7, 2,,https://www.zillow.com/homedetails/143-White-Pine-Canyon-Rd-Park-City-UT-84060/111974106_zpid/,
181,Condo,1999,No Data,No Data,No Data,,$796,"$359,000","3720 N Sundial Ct #C209, Park City, UT 84098",451, No, 0, 1, 1,,,https://www.zillow.com/homedetails/3720-N-Sundial-Ct-C209-Park-City-UT-84098/68853792_zpid/,$513/mo
182,Condo,2007,No Data,No Data,No Data,,"$1,132","$2,500,000","3551 N Escala Ct #517, Park City, UT 84098","2,209", No, 3, 4, 4,,,https://www.zillow.com/homedetails/3551-N-Escala-Ct-517-Park-City-UT-84098/89089585_zpid/,"$3,250/mo"
183,Condo,2009,No Data,No Data,1 space,,$706,"$875,000","2100 W Frostwood Blvd #6103, Park City, UT 84098","1,240", No, 2, 2, 2,,,https://www.zillow.com/homedetails/2100-W-Frostwood-Blvd-6103-Park-City-UT-84098/2078993671_zpid/,"$2,569/mo"
184,Multiple Occupancy,1970,No Data,No Data,No Data,,$714,"$1,399,000","410 Ontario Ave, Park City, UT 84060","1,959", No, 4, 2, 2,,,https://www.zillow.com/homedetails/410-Ontario-Ave-Park-City-UT-84060/68843949_zpid/,
185,Condo,2007,No Data,No Data,1 space,,$793,"$539,000","3351 N Escala Ct #302, Park City, UT 84098",680, No, 1, 1, 1,,,https://www.zillow.com/homedetails/3351-N-Escala-Ct-302-Park-City-UT-84098/2079014416_zpid/,$916/mo
186,Condo,2007,No Data,No Data,1 space,,$793,"$539,000","3551 N Escala Ct #302, Park City, UT 84098",680, No, 1, 1, 1,,,https://www.zillow.com/homedetails/3551-N-Escala-Ct-302-Park-City-UT-84098/89094278_zpid/,$916/mo
187,Condo,1985,No Data,No Data,1 space,,$633,"$899,000","1415 Lowell Ave #B352, Park City, UT 84060","1,421", No, 3, 3, 2, 1,,https://www.zillow.com/homedetails/1415-Lowell-Ave-B352-Park-City-UT-84060/2079046826_zpid/,"$1,539/mo"
188,Single Family,2020,No Data,No Data,2 spaces,"6,534 sqft",$364,"$1,390,000","4314 W Discovery Way #201, Park City, UT 84098","3,823", Yes, 3, 3, 2, 1,,https://www.zillow.com/homedetails/4314-W-Discovery-Way-201-Park-City-UT-84098/2079095040_zpid/,
189,Single Family,1995,"Forced air, Gas",No Data,1 space,"1,742 sqft",$871,"$1,745,000","312 Park Ave, Park City, UT 84060","2,004", No, 3, 4, 3, 1,,https://www.zillow.com/homedetails/312-Park-Ave-Park-City-UT-84060/68843877_zpid/,
190,Single Family,2006,"Forced air, Gas",Central,2 spaces,"9,147 sqft",$705,"$1,638,000","7931 Western Sky Rd, Park City, UT 84098","2,324", No, 3, 3, 2, 1,,https://www.zillow.com/homedetails/7931-Western-Sky-Rd-Park-City-UT-84098/89087691_zpid/,
191,Single Family,2020,No Data,No Data,2 spaces,"6,534 sqft",$364,"$1,390,000","4314 W Discovery Way, Park City, UT 84098","3,823", Yes, 3, 3, 2, 1,,https://www.zillow.com/homedetails/4314-W-Discovery-Way-Park-City-UT-84098/2079111606_zpid/,
192,Single Family,2001,"None, Other",No Data,3 spaces,0.56 Acres,$575,"$4,300,000","3586 Oakwood Dr, Park City, UT 84060","7,477", No, 6, 7, 6, 1,,https://www.zillow.com/homedetails/3586-Oakwood-Dr-Park-City-UT-84060/68851099_zpid/,
193,Townhouse,1989,No Data,No Data,1 space,No Data,$935,"$3,000,000","8200 Royal St E #31, Park City, UT 84060","3,208", No, 3, 5, 3, 2,,https://www.zillow.com/homedetails/8200-Royal-St-E-31-Park-City-UT-84060/2079158341_zpid/,
194,Condo,2008,No Data,No Data,1 space,,$749,"$449,500","3000 Canyons Resort Dr #3916, Coalville, UT 84098",600, No, 1, 1, 1,,,https://www.zillow.com/homedetails/3000-Canyons-Resort-Dr-3916-Coalville-UT-84098/89088914_zpid/,$674/mo
195,Single Family,2005,"Forced air, Radiant, Gas",Central,3 spaces,1.24 Acres,$608,"$7,000,000","7418 Glenwild Dr, Park City, UT 84098","11,517", No, 5, 7, 7,,,https://www.zillow.com/homedetails/7418-Glenwild-Dr-Park-City-UT-84098/68524108_zpid/,
196,Single Family,2003,No Data,No Data,3 spaces,8.98 Acres,$502,"$2,985,000","942 Westwood Rd, Park City, UT 84098","5,950", No, 6, 5, 4, 1,,https://www.zillow.com/homedetails/942-Westwood-Rd-Park-City-UT-84098/68840930_zpid/,
197,Condo,2008,No Data,No Data,1 space,,"$1,773","$3,500,000","2300 Deer Valley Dr E UNIT 611, Park City, UT 84060","1,974", No, 3, 4, 3, 1,,https://www.zillow.com/homedetails/2300-Deer-Valley-Dr-E-UNIT-611-Park-City-UT-84060/2079226465_zpid/,"$2,520/mo"
198,Condo,1988,"Forced air, Electric",Other,No Data,,$640,"$160,000","1940 Prospector Ave #308, Park City, UT 84060",250, No, 0, 1, 1,,,https://www.zillow.com/homedetails/1940-Prospector-Ave-308-Park-City-UT-84060/68523430_zpid/,$220/mo
199,Single Family,1992,"Forced air, Gas, Other",None,No Data,"1,742 sqft",$770,"$1,245,500","25 Prospect Ave, Park City, UT 84060","1,617", No, 2, 2,,,,https://www.zillow.com/homedetails/25-Prospect-Ave-Park-City-UT-84060/68843973_zpid/,
200,Condo,1999,Forced air,No Data,No Data,,$578,"$815,000","2900 Deer Valley Dr E #E220, Oakley, UT 84060","1,409", No, 2, 3,,,,https://www.zillow.com/homedetails/2900-Deer-Valley-Dr-E-E220-Oakley-UT-84060/68840708_zpid/,"$1,092/mo"
201,Condo,1978,"Forced air, Gas",Central,1 space,,$286,"$400,000","2325 Sidewinder Dr #836, Park City, UT 84060","1,400", No, 2, 2, 2,,,https://www.zillow.com/homedetails/2325-Sidewinder-Dr-836-Park-City-UT-84060/68843237_zpid/,"$1,990/mo"
202,Condo,2007,"Forced air, Gas",Central,1 space,,$582,"$1,399,000","3558 N Escala Ct #251, Park City, UT 84098","2,405", Yes, 3, 4, 3, 1,,https://www.zillow.com/homedetails/3558-N-Escala-Ct-251-Park-City-UT-84098/89084337_zpid/,"$3,187/mo"
203,Single Family,1994,Forced air,Central,No Data,3.57 Acres,$360,"$1,595,000","1099 Echo Ln, Park City, UT 84098","4,428", No, 6, 4,,,,https://www.zillow.com/homedetails/1099-Echo-Ln-Park-City-UT-84098/68847939_zpid/,
204,Townhouse,2015,Forced air,Central,1 space,871 sqft,$468,"$585,000","6169 Park Ln S #38, Park City, UT 84098","1,249", No, 2, 2,,,,https://www.zillow.com/homedetails/6169-Park-Ln-S-38-Park-City-UT-84098/122184985_zpid/,
205,Single Family,2004,"Forced air, Gas",Central,1 space,636 sqft,$888,"$565,000","2001 Park Ave #466, Kamas, UT 84060",636, No, 1, 1, 1,,,https://www.zillow.com/homedetails/2001-Park-Ave-466-Kamas-UT-84060/89092822_zpid/,
206,Single Family,1906,Forced air,None,No Data,"2,178 sqft","$2,021","$885,000","147 Swede Aly, Park City, UT 84060",438, No, 1, 1,,,,https://www.zillow.com/homedetails/147-Swede-Aly-Park-City-UT-84060/68841501_zpid/,
207,Condo,2009,No Data,No Data,No Data,,$790,"$969,000","2100 W Frostwood Blvd #4147, Park City, UT 84098","1,226", No, 2, 2, 2,,,https://www.zillow.com/homedetails/2100-W-Frostwood-Blvd-4147-Park-City-UT-84098/2079412151_zpid/,"$2,539/mo"
208,Single Family,2009,"Forced air, Radiant",No Data,No Data,0.45 Acres,$451,"$2,495,000","9231 Alice Ct, Park City, UT 84098","5,534", No, 5, 7,,,,https://www.zillow.com/homedetails/9231-Alice-Ct-Park-City-UT-84098/2079423292_zpid/,
209,Single Family,2002,Radiant,Central,3 spaces,25.73 Acres,$472,"$3,800,000","1855 W Red Hawk Trl, Park City, UT 84098","8,052", No, 6, 8,,,,https://www.zillow.com/homedetails/1855-W-Red-Hawk-Trl-Park-City-UT-84098/250774771_zpid/,
210,Single Family,2012,"Forced air, Radiant",No Data,6 spaces,24.21 Acres,$239,"$2,690,000","6850 Canyon Drive Ct, Park City, UT 84098","11,246", No, 9, 8,,,,https://www.zillow.com/homedetails/6850-Canyon-Drive-Ct-Park-City-UT-84098/2081273624_zpid/,
211,Single Family,2008,"Forced air, Heat pump, Radiant",Central,1 space,"2,613 sqft","$1,051","$3,115,000","148 Main St, Park City, UT 84060","2,964", No, 4, 5,,,,https://www.zillow.com/homedetails/148-Main-St-Park-City-UT-84060/2098980539_zpid/,
212,Townhouse,1998,"Forced air, Gas",Central,2 spaces,"2,012 sqft",$450,"$1,095,000","5171 Cove Canyon Dr #A, Park City, UT 84098","2,433", No, 4, 3, 2, 1,,https://www.zillow.com/homedetails/5171-Cove-Canyon-Dr-A-Park-City-UT-84098/68852810_zpid/,
213,Condo,2005,No Data,No Data,No Data,,$395,"$437,500","1476 Newpark Blvd #302, Park City, UT 84098","1,107", No, 2, 2, 2,,,https://www.zillow.com/homedetails/1476-Newpark-Blvd-302-Park-City-UT-84098/89090821_zpid/,$908/mo
214,Condo,1985,Forced air,No Data,1 space,,$475,"$695,000","1415 Lowell Ave #270, Park City, UT 84060","1,463", No, 2, 3,,,,https://www.zillow.com/homedetails/1415-Lowell-Ave-270-Park-City-UT-84060/2079548908_zpid/,"$1,584/mo"
215,Condo,2008,No Data,No Data,No Data,,$737,"$925,000","3551 N Escala Ct #416, Park City, UT 84098","1,255", No, 2, 2, 2,,,https://www.zillow.com/homedetails/3551-N-Escala-Ct-416-Park-City-UT-84098/2079549779_zpid/,"$1,720/mo"
216,Condo,2007,No Data,No Data,1 space,,$390,"$490,000","2669 Canyons Resort Dr #107, Park City, UT 84098","1,257", No, 2, 3, 3,,,https://www.zillow.com/homedetails/2669-Canyons-Resort-Dr-107-Park-City-UT-84098/80614511_zpid/,"$1,226/mo"
217,Condo,1983,No Data,No Data,No Data,,$642,"$650,000","1402 Empire Ave #1D, Kamas, UT 84060","1,013", No, 2, 2, 2,,,https://www.zillow.com/homedetails/1402-Empire-Ave-1D-Kamas-UT-84060/68841471_zpid/,$425/mo
218,Condo,2009,Forced air,No Data,No Data,,"$1,197","$449,000","2100 Frostwood Blvd #5126, Coalville, UT 84098",375, No,, 1, 1,,,https://www.zillow.com/homedetails/2100-Frostwood-Blvd-5126-Coalville-UT-84098/92569644_zpid/,$478/mo
219,Condo,2009,No Data,No Data,1 space,,$820,"$1,300,000","2100 W Frostwood Blvd #4137, Park City, UT 84098","1,585", No, 3, 3, 3,,,https://www.zillow.com/homedetails/2100-W-Frostwood-Blvd-4137-Park-City-UT-84098/2079606141_zpid/,"$3,284/mo"
220,Single Family,2020,No Data,No Data,2 spaces,"3,920 sqft","$1,103","$4,550,000","553 Deer Valley Loop, Park City, UT 84060","4,125", Yes, 5, 7, 5, 2,,https://www.zillow.com/homedetails/553-Deer-Valley-Loop-Park-City-UT-84060/2079596942_zpid/,
221,Single Family,No Data,No Data,No Data,2 spaces,0.66 Acres,$608,"$2,005,000","3809 Cynthia Cir LOT 24, Park City, UT 84098","3,300", Yes, 3, 4, 3, 1,,https://www.zillow.com/homedetails/3809-Cynthia-Cir-LOT-24-Park-City-UT-84098/2079606154_zpid/,
222,Single Family,No Data,No Data,No Data,2 spaces,0.80 Acres,$523,"$2,460,000","9272 Dye Cabins Dr LOT 23, Park City, UT 84098","4,700", Yes, 4, 6, 4, 2,,https://www.zillow.com/homedetails/9272-Dye-Cabins-Dr-LOT-23-Park-City-UT-84098/2079606138_zpid/,
223,Single Family,2020,No Data,No Data,2 spaces,0.71 Acres,$709,"$4,025,000","8788 Silver Light Ln, Park City, UT 84098","5,675", Yes, 4, 6, 3, 3,,https://www.zillow.com/homedetails/8788-Silver-Light-Ln-Park-City-UT-84098/2079606128_zpid/,
224,Single Family,2019,No Data,No Data,2 spaces,0.58 Acres,$713,"$2,050,000","6874 W Golden Bear Loop UNIT 34, Park City, UT 84098","2,876", No, 4, 4, 3, 1,,https://www.zillow.com/homedetails/6874-W-Golden-Bear-Loop-UNIT-34-Park-City-UT-84098/2079606113_zpid/,
225,Single Family,No Data,No Data,No Data,2 spaces,1.21 Acres,$623,"$3,600,000","3840 Wapiti Canyon Rd #38, Park City, UT 84098","5,775", Yes, 4, 6, 4, 2,,https://www.zillow.com/homedetails/3840-Wapiti-Canyon-Rd-38-Park-City-UT-84098/2079606112_zpid/,
226,Townhouse,2002,No Data,No Data,No Data,526 sqft,$859,"$449,900","2001 Park Ave #108, Park City, UT 84060",524, No, 0, 1, 1,,,https://www.zillow.com/homedetails/2001-Park-Ave-108-Park-City-UT-84060/68522893_zpid/,
227,Townhouse,2002,"Forced air, Gas",Central,2 spaces,"5,227 sqft",$832,"$1,350,000","544 Rossie Hill Dr, Park City, UT 84060","1,623", No, 3, 4, 3, 1,,https://www.zillow.com/homedetails/544-Rossie-Hill-Dr-Park-City-UT-84060/68853732_zpid/,
228,Single Family,1999,Radiant,No Data,1 space,"2,178 sqft","$1,069","$2,350,000","340 Woodside Ave, Park City, UT 84060","2,198", No, 3, 4,,,,https://www.zillow.com/homedetails/340-Woodside-Ave-Park-City-UT-84060/68853289_zpid/,
229,Single Family,2002,"Forced air, Gas",Central,3 spaces,16.52 Acres,$214,"$1,295,000","8136 Highfield Rd, Park City, UT 84098","6,058", No, 4, 4, 3, 1,,https://www.zillow.com/homedetails/8136-Highfield-Rd-Park-City-UT-84098/68848241_zpid/,
230,Single Family,2009,No Data,No Data,4 spaces,0.56 Acres,$232,"$1,260,000","8815 N Gorgoza Dr, Park City, UT 84098","5,442", No, 5, 6, 5, 1,,https://www.zillow.com/homedetails/8815-N-Gorgoza-Dr-Park-City-UT-84098/89090299_zpid/,
231,Condo,2019,"Forced air, Radiant, Gas",Central,1 space,,"$2,066","$1,250,000","7520 Royal St #523, Park City, UT 84060",605, Yes, 0, 1, 1,,,https://www.zillow.com/homedetails/7520-Royal-St-523-Park-City-UT-84060/251536026_zpid/,$637/mo
232,Condo,2008,"Forced air, Gas",Central,1 space,,$545,"$595,000","3000 Canyons Resort Dr #4409, Park City, UT 84098","1,092", No, 2, 2, 2,,,https://www.zillow.com/homedetails/3000-Canyons-Resort-Dr-4409-Park-City-UT-84098/2079982597_zpid/,$139/mo
233,Single Family,1998,No Data,No Data,1 space,"1,742 sqft",$992,"$1,800,000","954 Empire Ave, Park City, UT 84060","1,814", No, 3, 4, 3, 1,,https://www.zillow.com/homedetails/954-Empire-Ave-Park-City-UT-84060/68844097_zpid/,
234,Single Family,2015,"Forced air, Radiant",Central,2 spaces,"2,613 sqft","$1,479","$9,995,000","6891 Steins Way, Park City, UT 84060","6,760", No, 6, 8, 7, 1,,https://www.zillow.com/homedetails/6891-Steins-Way-Park-City-UT-84060/2080104232_zpid/,
235,Condo,1972,"Baseboard, Radiant",None,No Data,,$399,"$399,000","3815 N Village Round Dr #17, Park City, UT 84098","1,000", No, 2, 2, 2,,,https://www.zillow.com/homedetails/3815-N-Village-Round-Dr-17-Park-City-UT-84098/2080134559_zpid/,
236,Condo,1972,"Baseboard, Radiant",None,No Data,,$399,"$399,000","3815 N Village Round Dr #17, Park City, UT 84098","1,000", No, 2, 2, 2,,,https://www.zillow.com/homedetails/3815-N-Village-Round-Dr-17-Park-City-UT-84098/68522149_zpid/,$315/mo
237,Single Family,2004,"Forced air, Radiant, Gas, Other",Other,3 spaces,3.30 Acres,$470,"$3,799,000","7751 N Westhills Trl, Park City, UT 84098","8,086", No, 4, 6,,,,https://www.zillow.com/homedetails/7751-N-Westhills-Trl-Park-City-UT-84098/68524282_zpid/,
238,Condo,1998,No Data,None,1 space,,$846,"$2,775,000","2100 Deer Valley Dr S #303, Park City, UT 84060","3,282", No, 3, 4, 4,,,https://www.zillow.com/homedetails/2100-Deer-Valley-Dr-S-303-Park-City-UT-84060/68851857_zpid/,"$2,312/mo"
239,Townhouse,1996,Gas,Central,2 spaces,"1,306 sqft",$326,"$599,000","7435 Brook Hollow Loop Rd, Park City, UT 84098","1,836", No, 3, 2,,,,https://www.zillow.com/homedetails/7435-Brook-Hollow-Loop-Rd-Park-City-UT-84098/68852771_zpid/,
240,Condo,2019,No Data,No Data,1 space,,"$1,114","$1,975,000","2431 W High Mountain Rd UNIT 507, Park City, UT 84098","1,773", Yes, 3, 4, 3, 1,,https://www.zillow.com/homedetails/2431-W-High-Mountain-Rd-UNIT-507-Park-City-UT-84098/2080439056_zpid/,"$1,581/mo"
241,Townhouse,2020,"Forced air, Gas",Central,2 spaces,"1,307 sqft",$366,"$541,772","1336 Daisy Ln, Park City, UT 84098",, Yes, 2, 3, 2, 1,,https://www.zillow.com/homedetails/1336-Daisy-Ln-Park-City-UT-84098/251535825_zpid/,
242,Condo,2001,No Data,No Data,1 space,,"$1,126","$4,250,000","7700 Stein Way #217, Park City, UT 84060","3,775", No, 3, 5, 5,,,https://www.zillow.com/homedetails/7700-Stein-Way-217-Park-City-UT-84060/2080514578_zpid/,"$3,873/mo"
243,Condo,2002,"Forced air, Gas",Central,2 spaces,,$939,"$449,000","2001 Park Ave #102, Kamas, UT 84060",478, No, 0, 1, 1,,,https://www.zillow.com/homedetails/2001-Park-Ave-102-Kamas-UT-84060/68847642_zpid/,$768/mo
244,Single Family,2006,No Data,No Data,6 spaces,0.74 Acres,$550,"$3,300,000","6050 Mountain Ranch Dr, Park City, UT 84098","6,000", No, 5, 5, 4, 1,,https://www.zillow.com/homedetails/6050-Mountain-Ranch-Dr-Park-City-UT-84098/89084808_zpid/,
245,Condo,1979,No Data,No Data,No Data,,$693,"$679,000","405 Silver King Dr #115, Park City, UT 84060",980, No, 2, 2, 2,,,https://www.zillow.com/homedetails/405-Silver-King-Dr-115-Park-City-UT-84060/2080550998_zpid/,$524/mo
246,Condo,1978,Wall,No Data,1 space,,$656,"$235,000","2325 Sidewinder Dr #823, Park City, UT 84060",358, No, 0, 0,,,,https://www.zillow.com/homedetails/2325-Sidewinder-Dr-823-Park-City-UT-84060/68845728_zpid/,$523/mo
247,Single Family,1978,"Forced air, Wall, Gas","Refrigerator, Evaporative, Wall",1 space,435 sqft,$475,"$169,900","2255 Sidewinder Dr #615, Park City, UT 84060",358, No, 0, 1, 1,,,https://www.zillow.com/homedetails/2255-Sidewinder-Dr-615-Park-City-UT-84060/68845531_zpid/,
248,Single Family,2008,No Data,No Data,No Data,11.05 Acres,$506,"$3,999,999","376 W Deer Hl, Park City, UT 84098","7,909", No, 5, 8, 5, 3,,https://www.zillow.com/homedetails/376-W-Deer-Hl-Park-City-UT-84098/89085155_zpid/,
249,Condo,2007,No Data,No Data,1 space,,$389,"$489,000","2653 Canyons Resort Dr #212, Park City, UT 84098","1,257", No, 2, 3, 3,,,https://www.zillow.com/homedetails/2653-Canyons-Resort-Dr-212-Park-City-UT-84098/2080846373_zpid/,"$1,226/mo"
250,Condo,2009,Forced air,No Data,2 spaces,,"$1,563","$3,000,000","2300 E Deer Valley Dr #202, Park City, UT 84060","1,919", No, 3, 4,,,,https://www.zillow.com/homedetails/2300-E-Deer-Valley-Dr-202-Park-City-UT-84060/2080976184_zpid/,"$2,503/mo"
251,Condo,2007,"Forced air, Gas",Central,1 space,,$928,"$1,575,000","8902 Empire Club Dr #403, Park City, UT 84060","1,697", No, 2, 3, 3,,,https://www.zillow.com/homedetails/8902-Empire-Club-Dr-403-Park-City-UT-84060/80614207_zpid/,"$1,650/mo"
252,Condo,1980,No Data,No Data,No Data,,$506,"$339,000","1637 Shortline Rd, Park City, UT 84060",670, No, 1, 1, 1,,,https://www.zillow.com/homedetails/1637-Shortline-Rd-Park-City-UT-84060/2081015730_zpid/,$280/mo
253,Condo,No Data,No Data,No Data,No Data,,"$1,054","$1,475,000","2417 High Mountain Rd #2510, Park City, UT 84098","1,399", Yes, 2, 3, 2, 1,,https://www.zillow.com/homedetails/2417-High-Mountain-Rd-2510-Park-City-UT-84098/2081025119_zpid/,"$2,174/mo"
254,Condo,No Data,No Data,No Data,No Data,,"$1,147","$2,995,000","2417 High Mountain Rd #2218, Park City, UT 84060","2,611", Yes, 4, 5, 4, 1,,https://www.zillow.com/homedetails/2417-High-Mountain-Rd-2218-Park-City-UT-84060/2081039542_zpid/,"$4,058/mo"
255,Single Family,No Data,No Data,No Data,2 spaces,1.33 Acres,$688,"$3,975,000","3276 Wapiti Canyon Rd, Park City, UT 84098","5,775", Yes, 4, 6, 4, 2,,https://www.zillow.com/homedetails/3276-Wapiti-Canyon-Rd-Park-City-UT-84098/2081055198_zpid/,
256,Condo,No Data,No Data,No Data,No Data,,"$1,325","$595,000","2417 High Mountain Rd #2604, Park City, UT 84098",449, Yes, 0, 1, 1,,,https://www.zillow.com/homedetails/2417-High-Mountain-Rd-2604-Park-City-UT-84098/2081055358_zpid/,$697/mo
257,Condo,2000,Forced air,No Data,4 spaces,,$505,"$699,900","3855 Grand Summit Dr #541, Park City, UT 84098","1,386", No, 1, 2, 2,,,https://www.zillow.com/homedetails/3855-Grand-Summit-Dr-541-Park-City-UT-84098/68842386_zpid/,"$1,881/mo"
258,Single Family,1976,Radiant,No Data,3 spaces,"3,920 sqft","$1,319","$6,000,000","221 Norfolk Ave, Park City, UT 84060","4,550", No, 6, 6,,,,https://www.zillow.com/homedetails/221-Norfolk-Ave-Park-City-UT-84060/68853706_zpid/,
259,Single Family,2015,"Forced air, Radiant",Central,2 spaces,"2,613 sqft","$1,479","$9,995,000","6891 Steins Cir #7, Park City, UT 84060","6,760", No, 6, 8,,,,https://www.zillow.com/homedetails/6891-Steins-Cir-7-Park-City-UT-84060/2081113869_zpid/,
260,Condo,2009,No Data,No Data,1 space,,$877,"$1,075,000","2100 Frostwood Blvd #6147, Park City, UT 84098","1,226", No, 2, 2, 2,,,https://www.zillow.com/homedetails/2100-Frostwood-Blvd-6147-Park-City-UT-84098/92569808_zpid/,"$2,543/mo"
261,Condo,1982,Forced air,None,1 space,,$518,"$710,000","1375 Woodside Ave #100, Park City, UT 84060","1,370", No, 2, 2, 2,,,https://www.zillow.com/homedetails/1375-Woodside-Ave-100-Park-City-UT-84060/68849454_zpid/,$855/mo
262,Single Family,2020,Gas,No Data,No Data,"10,454 sqft",$423,"$998,000","330 Aspen Dr, Park City, UT 84098","2,359", No, 3, 4, 3, 1,,https://www.zillow.com/homedetails/330-Aspen-Dr-Park-City-UT-84098/111973374_zpid/,
263,Condo,2009,No Data,Central,1 space,,$741,"$650,000","2100 Frostwood Blvd #7116, Coalville, UT 84098",877, No, 1, 2,,,,https://www.zillow.com/homedetails/2100-Frostwood-Blvd-7116-Coalville-UT-84098/92569478_zpid/,"$1,460/mo"
264,Condo,2008,No Data,No Data,No Data,,$636,"$493,000","3000 Canyons Resort Dr #3701A, Park City, UT 84098",775, No, 1, 1, 1,,,https://www.zillow.com/homedetails/3000-Canyons-Resort-Dr-3701A-Park-City-UT-84098/89082949_zpid/,$952/mo
265,Townhouse,2003,"Forced air, Gas",Central,2 spaces,435 sqft,$407,"$589,000","6010 Fox Pointe Cir APT B2, Park City, UT 84098","1,447", No, 2, 3, 2, 1,,https://www.zillow.com/homedetails/6010-Fox-Pointe-Cir-APT-B2-Park-City-UT-84098/68854783_zpid/,
266,Condo,1977,No Data,No Data,No Data,,$505,"$299,000","2100 W Canyons Resort Dr #9-A1, Park City, UT 84098",592, No, 1, 1, 1,,,https://www.zillow.com/homedetails/2100-W-Canyons-Resort-Dr-9-A1-Park-City-UT-84098/68846294_zpid/,$312/mo
267,Condo,2000,No Data,No Data,No Data,,$154,"$185,500","3855 N Grand Summit Dr #453Q1, Park City, UT 84098","1,206", No, 2, 2, 2,,,https://www.zillow.com/homedetails/3855-N-Grand-Summit-Dr-453Q1-Park-City-UT-84098/2081543274_zpid/,$457/mo
268,Condo,No Data,"Forced air, Gas",Central,No Data,,$905,"$1,595,000","1271 Lowell Ave #B103, Park City, UT 84060","1,762", Yes, 1, 2, 2,,,https://www.zillow.com/homedetails/1271-Lowell-Ave-B103-Park-City-UT-84060/2085861362_zpid/,"$1,006/mo"
269,Condo,2009,"None, Forced air",Central,1 space,,$739,"$939,000","2100 Frostwood Blvd, Park City, UT 84098","1,270", No, 2, 3, 3,,,https://www.zillow.com/homedetails/2100-Frostwood-Blvd-Park-City-UT-84098/2130890839_zpid/,"$2,125/mo"
270,Condo,2009,No Data,No Data,No Data,,$739,"$939,000","2100 Frostwood Blvd #6176-78, Park City, UT 84098","1,271", No, 2, 3, 3,,,https://www.zillow.com/homedetails/2100-Frostwood-Blvd-6176-78-Park-City-UT-84098/2081647318_zpid/,"$2,120/mo"
271,Condo,2007,"None, Forced air",Central,1 space,,$395,"$475,000","2653 Canyons Resort Dr #331, Park City, UT 84098","1,204", No, 2, 3, 3,,,https://www.zillow.com/homedetails/2653-Canyons-Resort-Dr-331-Park-City-UT-84098/80604275_zpid/,"$1,226/mo"
272,Single Family,2002,"Radiant, Gas",No Data,3 spaces,1.05 Acres,$985,"$8,800,000","9925 N Summit View Dr, Park City, UT 84060","8,936", No, 7, 10,,,,https://www.zillow.com/homedetails/9925-N-Summit-View-Dr-Park-City-UT-84060/115855646_zpid/,
273,Townhouse,1971,No Data,No Data,1 space,435 sqft,$566,"$550,000","1521 Three Kings Dr #43, Park City, UT 84060",972, No, 1, 2, 1, 1,,https://www.zillow.com/homedetails/1521-Three-Kings-Dr-43-Park-City-UT-84060/68844744_zpid/,
274,Single Family,2020,"Forced air, Gas",Central,2 spaces,"4,427 sqft",$331,"$714,376","6688 Mountain Maple Dr, Park City, UT 84098",, Yes, 3, 4, 3, 1,,https://www.zillow.com/homedetails/6688-Mountain-Maple-Dr-Park-City-UT-84098/2081887257_zpid/,
275,Single Family,1904,Other,No Data,1 space,"2,614 sqft","$1,198","$4,150,000","221 Main St, Park City, UT 84060","3,464", No, 4, 5, 5,,,https://www.zillow.com/homedetails/221-Main-St-Park-City-UT-84060/2104222928_zpid/,
276,,,,,,,,"$489,900","1332 Daisy Ln, Park City, UT 84098",, Yes, 2, 3, 2, 1,,https://www.zillow.com/community/skyscape-at-silver-creek-village/251535826_zpid/,
277,,,,,,,,"$489,900","1320 Daisy Ln, Park City, UT 84098",, Yes, 2, 3, 2, 1,,https://www.zillow.com/community/skyscape-at-silver-creek-village/251535831_zpid/,
278,,,,,,,,"$534,900","1330 Daisy Ln, Park City, UT 84098",, Yes, 3, 3, 2, 1,,https://www.zillow.com/community/skyscape-at-silver-creek-village/251535827_zpid/,
279,,,,,,,,"$534,900","1314 Daisy Ln, Park City, UT 84098",, Yes, 3, 3, 2, 1,,https://www.zillow.com/community/skyscape-at-silver-creek-village/251535833_zpid/,
280,Condo,2009,"Forced air, Gas",Central,No Data,,"$1,051","$2,249,000","8894 Empire Club Dr #308, Park City, UT 84060","2,140", No, 3, 4, 3, 1,,https://www.zillow.com/homedetails/8894-Empire-Club-Dr-308-Park-City-UT-84060/89086757_zpid/,"$1,799/mo"
281,Condo,2008,"Forced air, Gas",Central,3 spaces,,$529,"$600,000","3000 Canyons Resort Dr #4307, Park City, UT 84098","1,135", No, 2, 2, 2,,,https://www.zillow.com/homedetails/3000-Canyons-Resort-Dr-4307-Park-City-UT-84098/2089105673_zpid/,"$1,213/mo"
282,Single Family,1996,"Radiant, Gas",Central,3 spaces,1.48 Acres,$631,"$7,890,000","7975 Bald Eagle Dr, Park City, UT 84060","12,500", No, 8, 10, 8, 2,,https://www.zillow.com/homedetails/7975-Bald-Eagle-Dr-Park-City-UT-84060/2089105691_zpid/,
283,Condo,1988,No Data,No Data,No Data,,$540,"$134,900","1940 Prospector Ave #109, Park City, UT 84060",250, No, 0, 1, 1,,,https://www.zillow.com/homedetails/1940-Prospector-Ave-109-Park-City-UT-84060/68840434_zpid/,$231/mo
284,Single Family,1994,No Data,No Data,2 spaces,"7,840 sqft",$299,"$950,000","4147 Hilltop Ct, Park City, UT 84098","3,177", No, 4, 4, 3, 1,,https://www.zillow.com/homedetails/4147-Hilltop-Ct-Park-City-UT-84098/68521604_zpid/,
285,Single Family,2020,No Data,No Data,2 spaces,"5,662 sqft",$392,"$1,350,000","4322 W Discovery Way #202, Snyderville, UT 84098","3,440", Yes, 3, 4, 2, 2,,https://www.zillow.com/homedetails/4322-W-Discovery-Way-202-Snyderville-UT-84098/2082176547_zpid/,
286,Single Family,2020,No Data,No Data,2 spaces,"4,791 sqft",$392,"$1,125,000","4332 W Discovery Way #203, Snyderville, UT 84098","2,871", Yes, 3, 3, 2, 1,,https://www.zillow.com/homedetails/4332-W-Discovery-Way-203-Snyderville-UT-84098/2082176544_zpid/,
287,Single Family,2020,No Data,No Data,2 spaces,"4,791 sqft",$392,"$1,125,000","4332 W Discovery Way, Park City, UT 84098","2,871", Yes, 3, 3, 2, 1,,https://www.zillow.com/homedetails/4332-W-Discovery-Way-Park-City-UT-84098/2082207330_zpid/,
288,Single Family,2020,No Data,No Data,2 spaces,"5,662 sqft",$392,"$1,350,000","4322 W Discovery Way, Park City, UT 84098","3,440", Yes, 3, 4, 2, 2,,https://www.zillow.com/homedetails/4322-W-Discovery-Way-Park-City-UT-84098/2082207416_zpid/,
289,Condo,1990,"Forced air, Gas",Other,1 space,,"$1,129","$1,675,000","7550 Royal St E #301, Park City, UT 84060","1,484", No, 2, 3, 2, 1,,https://www.zillow.com/homedetails/7550-Royal-St-E-301-Park-City-UT-84060/68523474_zpid/,$830/mo
290,Condo,2002,"Forced air, Gas",Central,2 spaces,,$939,"$449,000","2001 Park Ave #307, Kamas, UT 84060",478, No, 0, 1, 1,,,https://www.zillow.com/homedetails/2001-Park-Ave-307-Kamas-UT-84060/68524315_zpid/,$768/mo
291,Condo,1972,No Data,No Data,No Data,,$583,"$525,000","3815 N Village Round Dr #14, Park City, UT 84098",900, No, 2, 2, 2,,,https://www.zillow.com/homedetails/3815-N-Village-Round-Dr-14-Park-City-UT-84098/68843276_zpid/,$315/mo
292,Condo,No Data,No Data,No Data,1 space,,"$2,334","$8,745,000","8680 Empire Club Dr #15, Park City, UT 84060","3,747", Yes, 4, 5, 4, 1,,https://www.zillow.com/homedetails/8680-Empire-Club-Dr-15-Park-City-UT-84060/2082925929_zpid/,$250/mo
293,Townhouse,2020,No Data,No Data,2 spaces,No Data,$358,"$790,000","8219 N Toll Creek Ln #107, Park City, UT 84098","2,204", Yes, 3, 4, 3, 1,,https://www.zillow.com/homedetails/8219-N-Toll-Creek-Ln-107-Park-City-UT-84098/2083430247_zpid/,
294,Townhouse,2020,No Data,No Data,2 spaces,No Data,$358,"$790,000","8213 N Toll Creek Ln #106, Park City, UT 84098","2,204", Yes, 3, 4, 3, 1,,https://www.zillow.com/homedetails/8213-N-Toll-Creek-Ln-106-Park-City-UT-84098/2083431595_zpid/,
295,Townhouse,2019,Forced air,Central,2 spaces,"1,306 sqft",$562,"$1,475,000","4322 Frost Haven Rd #15, Park City, UT 84098","2,623", Yes, 4, 5,,,,https://www.zillow.com/homedetails/4322-Frost-Haven-Rd-15-Park-City-UT-84098/2083552571_zpid/,
296,Condo,2009,"None, Other",No Data,1 space,,"$1,205","$399,000","2100 Frostwood Blvd #5130, Park City, UT 84098",331, No, 0, 1, 1,,,https://www.zillow.com/homedetails/2100-Frostwood-Blvd-5130-Park-City-UT-84098/92569066_zpid/,$558/mo
297,Condo,2009,"None, Forced air",Central,1 space,,$790,"$969,000","2100 Frostwood Blvd #4147, Coalville, UT 84098","1,226", No, 2, 2, 2,,,https://www.zillow.com/homedetails/2100-Frostwood-Blvd-4147-Coalville-UT-84098/92571219_zpid/,"$2,539/mo"
298,Condo,2008,No Data,No Data,No Data,,$581,"$450,000","3000 Canyons Resort Dr #4506, Park City, UT 84098",775, No, 1, 1, 1,,,https://www.zillow.com/homedetails/3000-Canyons-Resort-Dr-4506-Park-City-UT-84098/2084016866_zpid/,$869/mo
299,Condo,1999,No Data,No Data,1 space,,$745,"$439,000","3720 N Sundial Ct #B216, Park City, UT 84098",589, No, 1, 1, 1,,,https://www.zillow.com/homedetails/3720-N-Sundial-Ct-B216-Park-City-UT-84098/68521963_zpid/,$652/mo
300,Townhouse,2020,No Data,No Data,2 spaces,No Data,$415,"$710,000","8210 N Toll Creek Ln #117, Park City, UT 84098","1,711", Yes, 2, 3, 2, 1,,https://www.zillow.com/homedetails/8210-N-Toll-Creek-Ln-117-Park-City-UT-84098/2084289328_zpid/,
301,Townhouse,2020,No Data,No Data,2 spaces,No Data,$400,"$699,000","8216 N Toll Creek Ln #116, Park City, UT 84098","1,747", Yes, 2, 3, 2, 1,,https://www.zillow.com/homedetails/8216-N-Toll-Creek-Ln-116-Park-City-UT-84098/2084289329_zpid/,
302,Condo,2008,"Forced air, Gas",Central,1 space,,$556,"$449,000","3000 Canyons Resort Dr #4610, Park City, UT 84098",807, No, 1, 1, 1,,,https://www.zillow.com/homedetails/3000-Canyons-Resort-Dr-4610-Park-City-UT-84098/2089105566_zpid/,$853/mo
303,Townhouse,No Data,"Forced air, Gas",Central,No Data,No Data,"$1,155","$4,225,000","1217 Rothwell Rd #7, Park City, UT 84060","3,658", Yes, 4, 6, 4, 2,,https://www.zillow.com/homedetails/1217-Rothwell-Rd-7-Park-City-UT-84060/2085838929_zpid/,
304,Townhouse,No Data,"Forced air, Gas",Central,No Data,No Data,"$1,187","$4,375,000","1217 Rothwell Rd #6, Park City, UT 84060","3,685", Yes, 5, 7, 5, 2,,https://www.zillow.com/homedetails/1217-Rothwell-Rd-6-Park-City-UT-84060/2085841361_zpid/,
305,Townhouse,No Data,"Forced air, Gas",Central,No Data,No Data,"$1,191","$4,375,000","1217 Rothwell Rd #5, Park City, UT 84060","3,673", Yes, 5, 7, 5, 2,,https://www.zillow.com/homedetails/1217-Rothwell-Rd-5-Park-City-UT-84060/2085841486_zpid/,
306,Townhouse,No Data,"Forced air, Gas",Central,No Data,No Data,"$1,188","$4,375,000","1217 Rothwell Rd #4, Park City, UT 84060","3,684", Yes, 5, 7, 5, 2,,https://www.zillow.com/homedetails/1217-Rothwell-Rd-4-Park-City-UT-84060/2085841576_zpid/,
307,Townhouse,No Data,"Forced air, Gas",Central,No Data,No Data,"$1,223","$4,375,000","1217 Rothwell Rd #1, Park City, UT 84060","3,578", Yes, 5, 7, 5, 2,,https://www.zillow.com/homedetails/1217-Rothwell-Rd-1-Park-City-UT-84060/2085841577_zpid/,
308,Townhouse,No Data,"Forced air, Gas",No Data,No Data,No Data,"$1,193","$4,375,000","1217 Rothwell Rd #3, Park City, UT 84060","3,666", Yes, 5, 7, 5, 2,,https://www.zillow.com/homedetails/1217-Rothwell-Rd-3-Park-City-UT-84060/2085841694_zpid/,
309,Townhouse,No Data,"Forced air, Gas",Central,No Data,No Data,"$1,186","$4,375,000","1217 Rothwell Rd #2, Park City, UT 84060","3,688", Yes, 5, 7, 5, 2,,https://www.zillow.com/homedetails/1217-Rothwell-Rd-2-Park-City-UT-84060/2085841695_zpid/,
310,Condo,No Data,"Forced air, Gas",Central,No Data,,$946,"$1,650,000","1271 Lowell Ave #C102, Park City, UT 84060","1,745", Yes, 1, 3, 3,,,https://www.zillow.com/homedetails/1271-Lowell-Ave-C102-Park-City-UT-84060/2085860971_zpid/,"$1,069/mo"
311,Single Family,2007,"Forced air, Gas",Central,1 space,"1,499 sqft",$391,"$586,500","2653 Canyons Resort Dr #323, Park City, UT 84098","1,499", No, 2, 3, 3,,,https://www.zillow.com/homedetails/2653-Canyons-Resort-Dr-323-Park-City-UT-84098/89094417_zpid/,
312,Single Family,1993,"Forced air, Gas, Wood / Pellet",Other,6 spaces,0.35 Acres,$300,"$1,399,000","9005 Daybreaker Dr, Park City, UT 84098","4,664", No, 4, 5, 3, 2,,https://www.zillow.com/homedetails/9005-Daybreaker-Dr-Park-City-UT-84098/68850559_zpid/,
313,Condo,1990,"Forced air, Gas",Central,1 space,,$370,"$539,000","50 Shadow Ridge Rd #4412, Park City, UT 84060","1,456", No, 2, 3, 3,,,https://www.zillow.com/homedetails/50-Shadow-Ridge-Rd-4412-Park-City-UT-84060/68848906_zpid/,"$1,051/mo"
314,Townhouse,2005,"Radiant, Gas",None,2 spaces,"2,997 sqft",$989,"$3,950,000","8789 Marsac Ave #20, Park City, UT 84060","3,992", No, 4, 5,,,,https://www.zillow.com/homedetails/8789-Marsac-Ave-20-Park-City-UT-84060/68524345_zpid/,
315,Condo,1964,Heat pump,No Data,No Data,,$844,"$325,000","250 Park Ave #B35, Park City, UT 84060",385, No, 0, 1, 1,,,https://www.zillow.com/homedetails/250-Park-Ave-B35-Park-City-UT-84060/68844403_zpid/,$349/mo
316,Condo,2008,"Forced air, Heat pump, Gas",Central,1 space,,$892,"$1,295,000","1335 Lowell Ave #103, Park City, UT 84060","1,451", No, 2, 2, 2,,,https://www.zillow.com/homedetails/1335-Lowell-Ave-103-Park-City-UT-84060/80606586_zpid/,$835/mo
317,Condo,1980,"Forced air, Electric",Central,1 space,,$386,"$439,000","50 Shadow Ridge Rd UNIT 4404, Park City, UT 84060","1,138", No, 2, 3, 3,,,https://www.zillow.com/homedetails/50-Shadow-Ridge-Rd-UNIT-4404-Park-City-UT-84060/68523094_zpid/,$879/mo
318,Condo,1973,"Forced air, Gas",No Data,2 spaces,,$322,"$379,950","1900 Homestake Rd #1, Park City, UT 84060","1,180", No, 3, 2, 2,,,https://www.zillow.com/homedetails/1900-Homestake-Rd-1-Park-City-UT-84060/68842782_zpid/,$399/mo
319,Single Family,2008,"Forced air, Gas",Central,3 spaces,1.01 Acres,$430,"$3,999,000","3220 Antler Ct, Park City, UT 84098","9,301", No, 6, 8, 7,,,https://www.zillow.com/homedetails/3220-Antler-Ct-Park-City-UT-84098/89092281_zpid/,
320,Condo,2008,"Forced air, Gas",Central,1 space,,$564,"$640,000","3000 Canyons Resort Dr #4709, Park City, UT 84098","1,135", No, 2, 2, 2,,,https://www.zillow.com/homedetails/3000-Canyons-Resort-Dr-4709-Park-City-UT-84098/89094477_zpid/,"$1,213/mo"
321,Single Family,1900,No Data,No Data,No Data,"1,742 sqft","$1,094","$710,000","959 Park Ave, Park City, UT 84060",649, No, 1, 1, 1,,,https://www.zillow.com/homedetails/959-Park-Ave-Park-City-UT-84060/68844114_zpid/,
322,Townhouse,2017,"Forced air, Gas",Central,2 spaces,No Data,$835,"$2,100,000","4273 Willow Draw Rd #601, Park City, UT 84098","2,515", Yes, 5, 5, 4, 1,,https://www.zillow.com/homedetails/4273-Willow-Draw-Rd-601-Park-City-UT-84098/2089105667_zpid/,
323,Single Family,2009,"Forced air, Gas",Central,1 space,877 sqft,$683,"$599,000","2100 Frostwood Blvd #4163, Park City, UT 84098",877, No, 1, 2, 2,,,https://www.zillow.com/homedetails/2100-Frostwood-Blvd-4163-Park-City-UT-84098/92570828_zpid/,
324,Condo,1982,"Forced air, Gas",No Data,1 space,,$490,"$499,990","524 Woodside Ave #7, Park City, UT 84060","1,021", No, 2, 1, 1,,,https://www.zillow.com/homedetails/524-Woodside-Ave-7-Park-City-UT-84060/68850086_zpid/,$257/mo
325,Condo,1983,No Data,No Data,No Data,,$315,"$319,000","6851 N 2200 W APT 10F, Park City, UT 84098","1,014", No, 2, 2, 2,,,https://www.zillow.com/homedetails/6851-N-2200-W-APT-10F-Park-City-UT-84098/68841438_zpid/,$385/mo
326,Condo,2000,No Data,No Data,No Data,,$149,"$205,000","3855 Grand Summit Dr #133, Park City, UT 84098","1,372", No, 2, 3, 3,,,https://www.zillow.com/homedetails/3855-Grand-Summit-Dr-133-Park-City-UT-84098/2077539146_zpid/,$486/mo
327,Condo,1971,"Forced air, Gas",No Data,2 spaces,,$652,"$879,900","1521 Three Kings Dr #47, Park City, UT 84060","1,349", No, 2, 3, 2, 1,,https://www.zillow.com/homedetails/1521-Three-Kings-Dr-47-Park-City-UT-84060/68844747_zpid/,$961/mo
328,Townhouse,2020,No Data,No Data,2 spaces,"1,742 sqft",$477,"$702,500","3335 Santa Fe Rd, Park City, UT 84098","1,474", Yes, 3, 3, 2, 1,,https://www.zillow.com/homedetails/3335-Santa-Fe-Rd-Park-City-UT-84098/2077541657_zpid/,
329,Single Family,1991,"None, Other",None,3 spaces,1.46 Acres,$412,"$2,095,000","7833 N Tall Oaks Dr, Park City, UT 84098","5,087", No, 5, 5,,,,https://www.zillow.com/homedetails/7833-N-Tall-Oaks-Dr-Park-City-UT-84098/68851316_zpid/,
330,Condo,1984,No Data,No Data,1 space,,$370,"$240,000","7035 N 2200 W APT 3B, Park City, UT 84098",648, No, 1, 1, 1,,,https://www.zillow.com/homedetails/7035-N-2200-W-APT-3B-Park-City-UT-84098/68523277_zpid/,$308/mo
331,Townhouse,1997,"Forced air, Gas",Central,2 spaces,435 sqft,$136,"$475,000","7660 Royal St E #14, Park City, UT 84060","3,501", No, 4, 4, 3, 1,,https://www.zillow.com/homedetails/7660-Royal-St-E-14-Park-City-UT-84060/68852875_zpid/,
332,Multiple Occupancy,1980,"Forced air, Gas",No Data,4 spaces,,$484,"$1,800,000","2168 Monarch Dr, Park City, UT 84060","3,722", No, 6, 6, 6,,,https://www.zillow.com/homedetails/2168-Monarch-Dr-Park-City-UT-84060/68845220_zpid/,
333,Condo,2020,No Data,No Data,2 spaces,,$492,"$725,000","3390 Santa Fe Rd, Park City, UT 84098","1,474", Yes, 3, 3, 2, 1,,https://www.zillow.com/homedetails/3390-Santa-Fe-Rd-Park-City-UT-84098/2077553365_zpid/,$325/mo
334,Condo,No Data,No Data,No Data,No Data,,$194,"$700,000","4554 Forestdale Dr #F-35, Park City, UT 84098","3,600", Yes, 0, 0,,,,https://www.zillow.com/homedetails/4554-Forestdale-Dr-F-35-Park-City-UT-84098/2077556050_zpid/,$180/mo
335,Condo,No Data,No Data,No Data,No Data,,$194,"$700,000","4554 Forestdale Dr #F37, Park City, UT 84098","3,600", Yes, 0, 0,,,,https://www.zillow.com/homedetails/4554-Forestdale-Dr-F37-Park-City-UT-84098/2077556055_zpid/,$180/mo
336,Condo,2007,No Data,No Data,1 space,,$768,"$529,000","3540 N Escala Ct #237, Park City, UT 84098",689, No, 1, 1, 1,,,https://www.zillow.com/homedetails/3540-N-Escala-Ct-237-Park-City-UT-84098/2077560832_zpid/,$861/mo
337,Townhouse,2005,No Data,No Data,2 spaces,"1,742 sqft",$294,"$765,000","3033 W Canyon Links Dr, Park City, UT 84098","2,600", No, 4, 4, 3, 1,,https://www.zillow.com/homedetails/3033-W-Canyon-Links-Dr-Park-City-UT-84098/2077564003_zpid/,
338,Single Family,1994,"Forced air, Gas",None,4 spaces,1.65 Acres,$292,"$1,295,000","55 Matterhorn Ter, Park City, UT 84098","4,431", No, 4, 4, 3, 1,,https://www.zillow.com/homedetails/55-Matterhorn-Ter-Park-City-UT-84098/68840579_zpid/,
339,Single Family,2000,No Data,No Data,4 spaces,0.35 Acres,$284,"$1,700,000","3154 Homestead Rd #326, Park City, UT 84098","5,979", No, 4, 4, 3, 1,,https://www.zillow.com/homedetails/3154-Homestead-Rd-326-Park-City-UT-84098/2077568008_zpid/,
340,Condo,1997,No Data,No Data,No Data,,$439,"$415,000","8350 Meadowview Ct APT C13, Park City, UT 84098",945, No, 2, 2, 2,,,https://www.zillow.com/homedetails/8350-Meadowview-Ct-APT-C13-Park-City-UT-84098/68524159_zpid/,$332/mo
341,Condo,1997,"Forced air, Gas",No Data,2 spaces,,$364,"$449,000","8350 Meadowview Ct APT C14, Park City, UT 84098","1,232", No, 2, 2, 2,,,https://www.zillow.com/homedetails/8350-Meadowview-Ct-APT-C14-Park-City-UT-84098/68854257_zpid/,$430/mo
342,,,,,,,,"$534,900","1333 Daylily Ln, Park City, UT 84098",, Yes, 3, 3, 2, 1,,https://www.zillow.com/community/skyscape-at-silver-creek-village/2078031108_zpid/,
343,Townhouse,1983,No Data,No Data,No Data,"1,000 sqft",$415,"$735,000","4661 Quail Meadow Rd APT 19, Park City, UT 84098","1,770", No, 3, 3, 2, 1,,https://www.zillow.com/homedetails/4661-Quail-Meadow-Rd-APT-19-Park-City-UT-84098/68845877_zpid/,
344,Single Family,2019,"Radiant, Electric, Gas",Central,No Data,6 Acres,"$1,159","$12,500,000","175 White Pine Canyon Rd, Park City, UT 84060","10,783", No, 6, 8, 6, 2,,https://www.zillow.com/homedetails/175-White-Pine-Canyon-Rd-Park-City-UT-84060/111973797_zpid/,
345,Single Family,No Data,No Data,No Data,2 spaces,"6,534 sqft",$259,"$831,198","6810 Woods Rose Dr #76, Park City, UT 84098","3,213", Yes, 3, 3, 2, 1,,https://www.zillow.com/homedetails/6810-Woods-Rose-Dr-76-Park-City-UT-84098/2077603118_zpid/,
346,Single Family,No Data,No Data,No Data,2 spaces,"6,534 sqft",$236,"$749,650","6800 Sumac Cir, Park City, UT 84098","3,175", Yes, 3, 3, 2, 1,,https://www.zillow.com/homedetails/6800-Sumac-Cir-Park-City-UT-84098/2077603113_zpid/,
347,Single Family,No Data,No Data,No Data,2 spaces,"6,098 sqft",$249,"$734,750","1397 Sumac Cir, Park City, UT 84098","2,953", Yes, 3, 3, 2, 1,,https://www.zillow.com/homedetails/1397-Sumac-Cir-Park-City-UT-84098/2077603531_zpid/,
348,Single Family,1997,No Data,No Data,No Data,"10,018 sqft",$541,"$1,365,000","1361 W Settlement Dr, Park City, UT 84098","2,523", No, 3, 3, 2, 1,,https://www.zillow.com/homedetails/1361-W-Settlement-Dr-Park-City-UT-84098/2077605989_zpid/,
349,Condo,2003,No Data,No Data,No Data,,$457,"$550,000","441 Park Ave #3, Park City, UT 84060","1,203", No, 2, 2, 2,,,https://www.zillow.com/homedetails/441-Park-Ave-3-Park-City-UT-84060/68848500_zpid/,"$2,212/mo"
